model,set,acc,bal,f1,auc,re,ro,n
logreg/radar,train,0.9546274038461539,0.9465516961004325,0.9312072892938497,0.9831495755683481,0.9707207207207207,0.9223826714801444,3328
logreg/radar,val,0.41696364932287955,0.4989055104624009,0.5881168177240684,0.49866449532567564,0.0012239902080783353,0.9965870307167235,4209
logreg/radar,val_norm,0.411023996198622,0.40759987913270757,0.35425892159416517,0.36886014809492446,0.4283965728274174,0.38680318543799774,4209
logreg/radar,calib,0.0,0.0,0.0,,,0.0,875
logreg/radar,calib_norm,0.5337142857142857,0.5337142857142857,0.6959761549925484,,,0.5337142857142857,875
logreg/radar,testml,0.4989766239362275,0.43316215877471287,0.03083975828297562,0.05766853070075187,0.8473693995166388,0.018954918032786885,9283
logreg/radar,testml_norm,0.5253689540019391,0.5048576364443997,0.3997275204359673,0.520575852434635,0.6339468302658486,0.37576844262295084,9283
logreg/radar,cal_sup,0.0,0.0,0.0,,,0.0,238
logreg/radar,cal_sup_norm,0.5798319327731093,0.5798319327731093,0.7340425531914894,,,0.5798319327731093,238
logreg/radar,cal_unsup,0.5154185022026432,0.5,0.6802325581395349,0.5,0.0,1.0,227
logreg/radar,cal_unsup_norm,0.22466960352422907,0.22148407148407148,0.30158730158730157,0.15609945609945608,0.11818181818181818,0.3247863247863248,227
svm/radar,train,0.9984975961538461,0.9981957589358311,0.9977426636568849,0.999989836406804,0.9990990990990991,0.9972924187725631,3328
svm/radar,val,0.41767640769779046,0.5,0.5892408245349422,0.5001971520064016,0.0,1.0,4209
svm/radar,val_norm,0.6505108101686862,0.6071990536703693,0.45132413278627376,0.6002585835968602,0.8702570379436965,0.3441410693970421,4209
svm/radar,calib,1.0,1.0,1.0,,,1.0,875
svm/radar,calib_norm,0.4845714285714286,0.4845714285714286,0.6528098537336413,,,0.4845714285714286,875
svm/radar,testml,0.41861467198104063,0.49769467213114754,0.5901738932341104,0.005669532242875298,0.0,0.9953893442622951,9283
svm/radar,testml_norm,0.3932995798771949,0.3865762116792993,0.3230769230769231,0.2421923334217159,0.42889012827663137,0.3442622950819672,9283
svm/radar,cal_sup,1.0,1.0,1.0,,,1.0,238
svm/radar,cal_sup_norm,0.4831932773109244,0.4831932773109244,0.6515580736543909,,,0.4831932773109244,238
svm/radar,cal_unsup,0.5154185022026432,0.5,0.6802325581395349,0.5,0.0,1.0,227
svm/radar,cal_unsup_norm,0.8854625550660793,0.8853535353535353,0.8888888888888888,0.9403263403263403,0.8818181818181818,0.8888888888888888,227
rf/radar,train,1.0,1.0,1.0,1.0,1.0,1.0,3328
rf/radar,val,0.41743882157282014,0.4997155858930603,0.58900435802883,0.5968574503963696,0.0,0.9994311717861206,4209
rf/radar,val_norm,0.41886433832264197,0.5009395761011386,0.5895973154362416,0.7010632515622469,0.0024479804161566705,0.9994311717861206,4209
rf/radar,calib,0.88,0.88,0.9361702127659575,,,0.88,875
rf/radar,calib_norm,0.8617142857142858,0.8617142857142858,0.9257213014119091,,,0.8617142857142858,875
rf/radar,testml,0.41796832920392113,0.4969262295081967,0.5895312618703943,0.001227189106696046,0.0,0.9938524590163934,9283
rf/radar,testml_norm,0.31853926532371,0.3787141393442623,0.4831699346405229,0.22694141169057566,0.0,0.7574282786885246,9283
rf/radar,cal_sup,0.6932773109243697,0.6932773109243697,0.8188585607940446,,,0.6932773109243697,238
rf/radar,cal_sup_norm,0.7647058823529411,0.7647058823529411,0.8666666666666667,,,0.7647058823529411,238
rf/radar,cal_unsup,0.5154185022026432,0.5,0.6802325581395349,0.5795648795648797,0.0,1.0,227
rf/radar,cal_unsup_norm,0.5154185022026432,0.5,0.6802325581395349,0.8977466977466978,0.0,1.0,227
gbm/radar,train,1.0,1.0,1.0,0.9999999999999999,1.0,1.0,3328
gbm/radar,val,0.41767640769779046,0.5,0.5892408245349422,0.5832295935489171,0.0,1.0,4209
gbm/radar,val_norm,0.40722261819909716,0.48193709330871426,0.5687121866897148,0.6824501991014789,0.028151774785801713,0.9357224118316269,4209
gbm/radar,calib,0.03542857142857143,0.03542857142857143,0.0684326710816777,,,0.03542857142857143,875
gbm/radar,calib_norm,0.912,0.912,0.9539748953974896,,,0.912,875
gbm/radar,testml,0.4165679198534956,0.4952612704918033,0.5881368821292776,0.05609759721320619,0.0,0.9905225409836066,9283
gbm/radar,testml_norm,0.3287730259614349,0.39063530971233,0.4942780618456294,0.3333878105199638,0.0013013571295779885,0.779969262295082,9283
gbm/radar,cal_sup,0.01680672268907563,0.01680672268907563,0.03305785123966942,,,0.01680672268907563,238
gbm/radar,cal_sup_norm,0.8025210084033614,0.8025210084033614,0.8904428904428905,,,0.8025210084033614,238
gbm/radar,cal_unsup,0.5154185022026432,0.5,0.6802325581395349,0.49759129759129755,0.0,1.0,227
gbm/radar,cal_unsup_norm,0.5154185022026432,0.5,0.6802325581395349,0.7816627816627817,0.0,1.0,227
mlp/radar,train,1.0,1.0,1.0,1.0,1.0,1.0,3328
mlp/radar,val,0.5937277263007841,0.5241059231935701,0.17231364956437561,0.4407615660576422,0.9469604243166054,0.1012514220705347,4209
mlp/radar,val_norm,0.5167498218104063,0.4977358269871043,0.3978685612788632,0.5084976111999978,0.6132190942472461,0.3822525597269625,4209
mlp/radar,calib,0.21257142857142858,0.21257142857142858,0.35061262959472195,,,0.21257142857142858,875
mlp/radar,calib_norm,0.4502857142857143,0.4502857142857143,0.6209613869188337,,,0.4502857142857143,875
mlp/radar,testml,0.08520952278358289,0.1013063524590164,0.15703791939646616,0.015192634951039105,0.0,0.2026127049180328,9283
mlp/radar,testml_norm,0.15426047613917915,0.16770313800023773,0.20059057122492618,0.13763151669059087,0.08310094813162298,0.25230532786885246,9283
mlp/radar,cal_sup,0.7689075630252101,0.7689075630252101,0.8693586698337292,,,0.7689075630252101,238
mlp/radar,cal_sup_norm,0.4579831932773109,0.4579831932773109,0.6282420749279539,,,0.4579831932773109,238
mlp/radar,cal_unsup,0.4889867841409692,0.5031857031857032,0.07936507936507936,0.5387723387723387,0.9636363636363636,0.042735042735042736,227
mlp/radar,cal_unsup_norm,0.5242290748898678,0.5175213675213676,0.6142857142857143,0.592074592074592,0.3,0.7350427350427351,227
stump/radar,train,0.8254206730769231,0.8074356847822552,0.7418924922256774,0.818326787979315,0.8612612612612612,0.7536101083032491,3328
stump/radar,val,0.41767640769779046,0.5,0.5892408245349422,0.009833812114486029,0.0,1.0,4209
stump/radar,val_norm,0.41696364932287955,0.498664263245621,0.5877016129032258,0.009833812114486029,0.0024479804161566705,0.9948805460750854,4209
stump/radar,calib,0.0,0.0,0.0,,,0.0,875
stump/radar,calib_norm,0.6194285714285714,0.6194285714285714,0.7649964714184898,,,0.6194285714285714,875
stump/radar,testml,0.324140902725412,0.3853739754098361,0.4895867230719167,0.5230785172452678,0.0,0.7707479508196722,9283
stump/radar,testml_norm,0.43574275557470643,0.45547511440209193,0.4635395329782876,0.5230785172452678,0.3312883435582822,0.5796618852459017,9283
stump/radar,cal_sup,0.0,0.0,0.0,,,0.0,238
stump/radar,cal_sup_norm,0.7394957983193278,0.7394957983193278,0.8502415458937198,,,0.7394957983193278,238
stump/radar,cal_unsup,0.5154185022026432,0.5,0.6802325581395349,0.5,0.0,1.0,227
stump/radar,cal_unsup_norm,0.04405286343612335,0.042735042735042736,0.08438818565400844,0.021872571872571873,0.0,0.08547008547008547,227
knn/radar,train,1.0,1.0,1.0,1.0,1.0,1.0,3328
knn/radar,val,0.41743882157282014,0.4997155858930603,0.58900435802883,0.49918864812904024,0.0,0.9994311717861206,4209
knn/radar,val_norm,0.656688049417914,0.5915949191177802,0.3231850117096019,0.7849024033746297,0.9869441044471644,0.1962457337883959,4209
knn/radar,calib,0.0,0.0,0.0,,,0.0,875
knn/radar,calib_norm,0.09714285714285714,0.09714285714285714,0.17708333333333334,,,0.09714285714285714,875
knn/radar,testml,0.39340730367338145,0.34775654945309475,0.07733901359986892,0.16419614530094268,0.6350622792340583,0.060450819672131145,9283
knn/radar,testml_norm,0.3311429494775396,0.3056537081439965,0.1544327931363203,0.1726337519695598,0.46607176055028815,0.14523565573770492,9283
knn/radar,cal_sup,0.0,0.0,0.0,,,0.0,238
knn/radar,cal_sup_norm,0.1092436974789916,0.1092436974789916,0.19696969696969696,,,0.1092436974789916,238
knn/radar,cal_unsup,0.5154185022026432,0.5,0.6802325581395349,0.5,0.0,1.0,227
knn/radar,cal_unsup_norm,0.5770925110132159,0.5867521367521368,0.4,0.7060994560994561,0.9,0.27350427350427353,227
logreg/csi,train,0.8786057692307693,0.8536296224021855,0.8103286384976526,0.8804728916642275,0.9283783783783783,0.7788808664259927,3328
logreg/csi,val,0.5934901401758137,0.5135282945040194,0.054173576561636266,0.3068650672637622,0.9991840065279478,0.027872582480091012,4209
logreg/csi,val_norm,0.43644571157044426,0.4191344899274936,0.3176064441887227,0.3592123481442182,0.5242758057935537,0.31399317406143346,4209
logreg/csi,calib,0.002285714285714286,0.002285714285714286,0.004561003420752566,,,0.002285714285714286,875
logreg/csi,calib_norm,0.44685714285714284,0.44685714285714284,0.617693522906793,,,0.44685714285714284,875
logreg/csi,testml,0.420553700312399,0.5,0.5920982786077197,0.7294936250262862,0.0,1.0,9283
logreg/csi,testml_norm,0.707745340945815,0.689411534953782,0.6229325920778318,0.7012182032280971,0.8047964305633017,0.5740266393442623,9283
logreg/csi,cal_sup,0.008403361344537815,0.008403361344537815,0.016666666666666666,,,0.008403361344537815,238
logreg/csi,cal_sup_norm,0.4369747899159664,0.4369747899159664,0.6081871345029239,,,0.4369747899159664,238
logreg/csi,cal_unsup,0.4801762114537445,0.4954545454545455,0.0,0.16993006993006993,0.990909090909091,0.0,227
logreg/csi,cal_unsup_norm,0.3744493392070485,0.37575757575757573,0.35454545454545455,0.3243978243978244,0.41818181818181815,0.3333333333333333,227
svm/csi,train,0.9477163461538461,0.9305216769115685,0.9180018850141376,0.9849450759423685,0.9819819819819819,0.8790613718411552,3328
svm/csi,val,0.41767640769779046,0.5,0.5892408245349422,0.03296836423943421,0.0,1.0,4209
svm/csi,val_norm,0.5300546448087432,0.5438189190732208,0.527246653919694,0.6069571102134255,0.4602203182374541,0.6274175199089875,4209
svm/csi,calib,0.9245714285714286,0.9245714285714286,0.9608076009501187,,,0.9245714285714286,875
svm/csi,calib_norm,0.4491428571428571,0.4491428571428571,0.6198738170347003,,,0.4491428571428571,875
svm/csi,testml,0.420553700312399,0.5,0.5920982786077197,0.5,0.0,1.0,9283
svm/csi,testml_norm,0.8567273510718517,0.8648518144331783,0.8431973591134166,0.9333077328652104,0.8137200223089793,0.9159836065573771,9283
svm/csi,cal_sup,0.9243697478991597,0.9243697478991597,0.9606986899563319,,,0.9243697478991597,238
svm/csi,cal_sup_norm,0.40336134453781514,0.40336134453781514,0.5748502994011976,,,0.40336134453781514,238
svm/csi,cal_unsup,0.5154185022026432,0.5,0.6802325581395349,0.0017094017094016994,0.0,1.0,227
svm/csi,cal_unsup_norm,0.2511013215859031,0.24685314685314685,0.34615384615384615,0.26099456099456103,0.10909090909090909,0.38461538461538464,227
rf/csi,train,0.9861778846153846,0.9792418772563176,0.9788018433179724,0.9988791589423358,1.0,0.9584837545126353,3328
rf/csi,val,0.8774055595153243,0.8806640877930997,0.8598587724063009,0.936344502418042,0.8608731130150958,0.9004550625711035,4209
rf/csi,val_norm,0.4321691613209789,0.4739247615029319,0.5169765561843169,0.6413917562379636,0.22031823745410037,0.7275312855517634,4209
rf/csi,calib,0.016,0.016,0.031496062992125984,,,0.016,875
rf/csi,calib_norm,0.416,0.416,0.5875706214689266,,,0.416,875
rf/csi,testml,0.8344285252612302,0.8215884519031205,0.7900560032782407,0.9013326719879068,0.9023982152816509,0.7407786885245902,9283
rf/csi,testml_norm,0.8157923085209523,0.8226458045709026,0.7981109799291618,0.8822346561003782,0.7795129206172151,0.8657786885245902,9283
rf/csi,cal_sup,0.02100840336134454,0.02100840336134454,0.0411522633744856,,,0.02100840336134454,238
rf/csi,cal_sup_norm,0.3319327731092437,0.3319327731092437,0.49842271293375395,,,0.3319327731092437,238
rf/csi,cal_unsup,0.7444933920704846,0.7366355866355867,0.8,0.9242035742035741,0.4818181818181818,0.9914529914529915,227
rf/csi,cal_unsup_norm,0.2687224669603524,0.26177156177156174,0.40714285714285714,0.378010878010878,0.03636363636363636,0.48717948717948717,227
gbm/csi,train,1.0,1.0,1.0,1.0,1.0,1.0,3328
gbm/csi,val,0.7997148966500356,0.8211136222173021,0.7986625268688798,0.9550836903884973,0.6911464708282333,0.9510807736063709,4209
gbm/csi,val_norm,0.46067949631741506,0.5017016109604912,0.5376782077393075,0.6353924868259757,0.2525499796001632,0.7508532423208191,4209
gbm/csi,calib,0.112,0.112,0.2014388489208633,,,0.112,875
gbm/csi,calib_norm,0.45371428571428574,0.45371428571428574,0.6242138364779874,,,0.45371428571428574,875
gbm/csi,testml,0.7783044274480233,0.7855917460585946,0.7592982456140351,0.8712103116552227,0.7397285740844023,0.8314549180327869,9283
gbm/csi,testml_norm,0.817408165463751,0.8297295055300058,0.8069256179519307,0.9093571996745083,0.7521844208960773,0.9072745901639344,9283
gbm/csi,cal_sup,0.10504201680672269,0.10504201680672269,0.19011406844106463,,,0.10504201680672269,238
gbm/csi,cal_sup_norm,0.3739495798319328,0.3739495798319328,0.5443425076452599,,,0.3739495798319328,238
gbm/csi,cal_unsup,0.7577092511013216,0.7502719502719503,0.8083623693379791,0.9270396270396271,0.509090909090909,0.9914529914529915,227
gbm/csi,cal_unsup_norm,0.2687224669603524,0.2614996114996115,0.41134751773049644,0.3152292152292152,0.02727272727272727,0.49572649572649574,227
mlp/csi,train,0.9966947115384616,0.9952621393957134,0.9950158586316267,0.9999800793573357,0.9995495495495496,0.9909747292418772,3328
mlp/csi,val,0.5241149916844856,0.5803743126368982,0.6181124880838894,0.6550529165732545,0.2386780905752754,0.9220705346985211,4209
mlp/csi,val_norm,0.37277263007840344,0.4148031798680764,0.47157726180944753,0.5376263269757323,0.15952672378620972,0.6700796359499431,4209
mlp/csi,calib,0.4765714285714286,0.4765714285714286,0.6455108359133127,,,0.4765714285714286,875
mlp/csi,calib_norm,0.5462857142857143,0.5462857142857143,0.7065779748706578,,,0.5462857142857143,875
mlp/csi,testml,0.420553700312399,0.5,0.5920982786077197,0.5,0.0,1.0,9283
mlp/csi,testml_norm,0.7402779273941613,0.7415406548386408,0.7082173544717415,0.8229736200890532,0.733593604759249,0.7494877049180327,9283
mlp/csi,cal_sup,0.453781512605042,0.453781512605042,0.6242774566473989,,,0.453781512605042,238
mlp/csi,cal_sup_norm,0.5084033613445378,0.5084033613445378,0.6740947075208914,,,0.5084033613445378,238
mlp/csi,cal_unsup,0.5198237885462555,0.5045454545454545,0.6822157434402333,0.5227272727272727,0.00909090909090909,1.0,227
mlp/csi,cal_unsup_norm,0.28634361233480177,0.27995337995337993,0.41304347826086957,0.284965034965035,0.07272727272727272,0.48717948717948717,227
stump/csi,train,0.8440504807692307,0.7931448596611052,0.7323362558019598,0.7738177708394316,0.9454954954954955,0.6407942238267148,3328
stump/csi,val,0.8619624613922547,0.855985158944667,0.8322263933006064,0.8634705529864293,0.8922888616891065,0.8196814562002275,4209
stump/csi,val_norm,0.8793062485150868,0.8606642409659357,0.8380102040816326,0.8634705529864293,0.9738882088943288,0.7474402730375427,4209
stump/csi,calib,0.0,0.0,0.0,,,0.0,875
stump/csi,calib_norm,0.32,0.32,0.48484848484848486,,,0.32,875
stump/csi,testml,0.5804158138532802,0.5429099751157355,0.3808615482435225,0.36713668954708506,0.7789551961331103,0.30686475409836067,9283
stump/csi,testml_norm,0.5123343746633632,0.4893607102148915,0.37290483446460726,0.3671366895470851,0.6339468302658486,0.3447745901639344,9283
stump/csi,cal_sup,0.0,0.0,0.0,,,0.0,238
stump/csi,cal_sup_norm,0.23529411764705882,0.23529411764705882,0.38095238095238093,,,0.23529411764705882,238
stump/csi,cal_unsup,0.7092511013215859,0.7,0.78,0.9301476301476301,0.4,1.0,227
stump/csi,cal_unsup_norm,0.7709251101321586,0.775874125874126,0.7346938775510204,0.9301476301476301,0.9363636363636364,0.6153846153846154,227
knn/csi,train,1.0,1.0,1.0,1.0,1.0,1.0,3328
knn/csi,val,0.41411261582323594,0.49573378839590443,0.5856854838709677,0.4905306696112984,0.0,0.9914675767918089,4209
knn/csi,val_norm,0.7709669755286291,0.7315343183739171,0.6421677802524127,0.7549422608032105,0.971032231742146,0.4920364050056883,4209
knn/csi,calib,0.3417142857142857,0.3417142857142857,0.5093696763202725,,,0.3417142857142857,875
knn/csi,calib_norm,0.1977142857142857,0.1977142857142857,0.3301526717557252,,,0.1977142857142857,875
knn/csi,testml,0.579446299687601,0.5,0.0,0.36464757260323233,1.0,0.0,9283
knn/csi,testml_norm,0.7311214047183022,0.6967287639926368,0.6003842459173871,0.7869508185292531,0.9131808886410113,0.4802766393442623,9283
knn/csi,cal_sup,0.39915966386554624,0.39915966386554624,0.5705705705705706,,,0.39915966386554624,238
knn/csi,cal_sup_norm,0.15126050420168066,0.15126050420168066,0.26277372262773724,,,0.15126050420168066,238
knn/csi,cal_unsup,0.5154185022026432,0.5,0.6802325581395349,0.5045454545454545,0.0,1.0,227
knn/csi,cal_unsup_norm,0.5638766519823789,0.5731157731157731,0.39263803680981596,0.4916860916860917,0.8727272727272727,0.27350427350427353,227
logreg/joint,train,0.8933293269230769,0.8755154974469054,0.8369315571887919,0.9392668390412071,0.9288288288288288,0.822202166064982,3328
logreg/joint,val,0.41767640769779046,0.5,0.5892408245349422,0.9249077133662795,0.0,1.0,4209
logreg/joint,val_norm,0.433832264195771,0.4639337151514392,0.488297187030277,0.5284302708513486,0.28110975112199105,0.6467576791808873,4209
logreg/joint,calib,0.001142857142857143,0.001142857142857143,0.00228310502283105,,,0.001142857142857143,875
logreg/joint,calib_norm,0.5131428571428571,0.5131428571428571,0.6782477341389728,,,0.5131428571428571,875
logreg/joint,testml,0.3426693956695034,0.40740266393442626,0.5104300385109114,0.29264292261344205,0.0,0.8148053278688525,9283
logreg/joint,testml_norm,0.7607454486696111,0.7708616671847714,0.7457937507153485,0.8491703372099757,0.7071946458449526,0.8345286885245902,9283
logreg/joint,cal_sup,0.004201680672268907,0.004201680672268907,0.008368200836820083,,,0.004201680672268907,238
logreg/joint,cal_sup_norm,0.5168067226890757,0.5168067226890757,0.6814404432132964,,,0.5168067226890757,238
logreg/joint,cal_unsup,0.5154185022026432,0.5,0.6802325581395349,0.9055167055167055,0.0,1.0,227
logreg/joint,cal_unsup_norm,0.3964757709251101,0.3911421911421911,0.49070631970260226,0.36775446775446774,0.21818181818181817,0.5641025641025641,227
svm/joint,train,0.9696514423076923,0.9582650339870556,0.9530013959981387,0.9930529807786126,0.9923423423423423,0.924187725631769,3328
svm/joint,val,0.41767640769779046,0.5,0.5892408245349422,0.05543916740816243,0.0,1.0,4209
svm/joint,val_norm,0.7578997386552625,0.7382471179138417,0.6810641627543036,0.7981056697621505,0.857609139126887,0.6188850967007964,4209
svm/joint,calib,0.9988571428571429,0.9988571428571429,0.9994282447112636,,,0.9988571428571429,875
svm/joint,calib_norm,0.49942857142857144,0.49942857142857144,0.6661585365853658,,,0.49942857142857144,875
svm/joint,testml,0.44436065926963264,0.5196297398961962,0.6005885085953229,0.7965849470771275,0.045919315857966166,0.9933401639344263,9283
svm/joint,testml_norm,0.8695464828180545,0.8646399296063318,0.843155031731641,0.9398020897144022,0.8955196133110244,0.8337602459016393,9283
svm/joint,cal_sup,1.0,1.0,1.0,,,1.0,238
svm/joint,cal_sup_norm,0.3865546218487395,0.3865546218487395,0.5575757575757576,,,0.3865546218487395,238
svm/joint,cal_unsup,0.5154185022026432,0.5,0.6802325581395349,0.03543123543123544,0.0,1.0,227
svm/joint,cal_unsup_norm,0.5418502202643172,0.5463092463092463,0.47474747474747475,0.4635586635586636,0.6909090909090909,0.4017094017094017,227
rf/joint,train,0.9906850961538461,0.9860108303249098,0.9858123569794051,0.999994714931538,1.0,0.9720216606498195,3328
rf/joint,val,0.41815157994773106,0.5003275809970995,0.5893006875733691,0.9110430188230849,0.0012239902080783353,0.9994311717861206,4209
rf/joint,val_norm,0.854359705393205,0.8295141079144405,0.7955985328442814,0.8244736772481247,0.9804161566707467,0.6786120591581343,4209
rf/joint,calib,0.11542857142857142,0.11542857142857142,0.2069672131147541,,,0.11542857142857142,875
rf/joint,calib_norm,0.44114285714285717,0.44114285714285717,0.612212529738303,,,0.44114285714285717,875
rf/joint,testml,0.2295594096735969,0.27278472615880217,0.3729615991583377,0.18246850323358293,0.0007436326454731362,0.5448258196721312,9283
rf/joint,testml_norm,0.694710761607239,0.6942489091229096,0.6557337220602527,0.7533553946891219,0.6971556051310652,0.6913422131147541,9283
rf/joint,cal_sup,0.08403361344537816,0.08403361344537816,0.15503875968992248,,,0.08403361344537816,238
rf/joint,cal_sup_norm,0.3067226890756303,0.3067226890756303,0.4694533762057878,,,0.3067226890756303,238
rf/joint,cal_unsup,0.5154185022026432,0.5,0.6802325581395349,0.9085470085470085,0.0,1.0,227
rf/joint,cal_unsup_norm,0.6299559471365639,0.6347707847707847,0.5714285714285714,0.5564879564879566,0.7909090909090909,0.47863247863247865,227
gbm/joint,train,1.0,1.0,1.0,1.0,1.0,1.0,3328
gbm/joint,val,0.41767640769779046,0.49991958426107336,0.589103101424979,0.9372920852810651,0.0004079967360261118,0.9994311717861206,4209
gbm/joint,val_norm,0.7952007602755999,0.7578908378971876,0.6842490842490843,0.8092290347001455,0.9844961240310077,0.5312855517633674,4209
gbm/joint,calib,0.128,0.128,0.22695035460992907,,,0.128,875
gbm/joint,calib_norm,0.4948571428571429,0.4948571428571429,0.6620795107033639,,,0.4948571428571429,875
gbm/joint,testml,0.25896800603253256,0.30746790798460316,0.41018605847552086,0.41143295191683504,0.002230897936419409,0.6127049180327869,9283
gbm/joint,testml_norm,0.7580523537649467,0.7447617851678812,0.6968142548596112,0.7969639063876215,0.8284067670570738,0.6611168032786885,9283
gbm/joint,cal_sup,0.1092436974789916,0.1092436974789916,0.19696969696969696,,,0.1092436974789916,238
gbm/joint,cal_sup_norm,0.29831932773109243,0.29831932773109243,0.459546925566343,,,0.29831932773109243,238
gbm/joint,cal_unsup,0.5154185022026432,0.5,0.6802325581395349,0.8993006993006993,0.0,1.0,227
gbm/joint,cal_unsup_norm,0.5682819383259912,0.5754856254856255,0.449438202247191,0.5162393162393163,0.8090909090909091,0.3418803418803419,227
mlp/joint,train,1.0,1.0,1.0,0.9999999999999999,1.0,1.0,3328
mlp/joint,val,0.41767640769779046,0.5,0.5892408245349422,0.5,0.0,1.0,4209
mlp/joint,val_norm,0.8985507246376812,0.8932712565603229,0.876410998552822,0.9180214339855247,0.9253365973072215,0.8612059158134243,4209
mlp/joint,calib,0.9931428571428571,0.9931428571428571,0.9965596330275229,,,0.9931428571428571,875
mlp/joint,calib_norm,0.5188571428571429,0.5188571428571429,0.6832204665161776,,,0.5188571428571429,875
mlp/joint,testml,0.5599482925778304,0.539401934778236,0.4394126526691368,0.552007760522859,0.6687116564417178,0.4100922131147541,9283
mlp/joint,testml_norm,0.7565442206183346,0.7453217715981092,0.6997874601487779,0.7751033637948428,0.8159509202453987,0.6746926229508197,9283
mlp/joint,cal_sup,0.9957983193277311,0.9957983193277311,0.9978947368421053,,,0.9957983193277311,238
mlp/joint,cal_sup_norm,0.47478991596638653,0.47478991596638653,0.6438746438746439,,,0.47478991596638653,238
mlp/joint,cal_unsup,0.5154185022026432,0.5,0.6802325581395349,0.5,0.0,1.0,227
mlp/joint,cal_unsup_norm,0.7841409691629956,0.7876068376068377,0.7632850241545893,0.7966588966588967,0.9,0.6752136752136753,227
stump/joint,train,0.8440504807692307,0.7931448596611052,0.7323362558019598,0.7738177708394316,0.9454954954954955,0.6407942238267148,3328
stump/joint,val,0.8619624613922547,0.855985158944667,0.8322263933006064,0.8634705529864293,0.8922888616891065,0.8196814562002275,4209
stump/joint,val_norm,0.8793062485150868,0.8606642409659357,0.8380102040816326,0.8634705529864293,0.9738882088943288,0.7474402730375427,4209
stump/joint,calib,0.0,0.0,0.0,,,0.0,875
stump/joint,calib_norm,0.32,0.32,0.48484848484848486,,,0.32,875
stump/joint,testml,0.5804158138532802,0.5429099751157355,0.3808615482435225,0.36713668954708506,0.7789551961331103,0.30686475409836067,9283
stump/joint,testml_norm,0.5123343746633632,0.4893607102148915,0.37290483446460726,0.3671366895470851,0.6339468302658486,0.3447745901639344,9283
stump/joint,cal_sup,0.0,0.0,0.0,,,0.0,238
stump/joint,cal_sup_norm,0.23529411764705882,0.23529411764705882,0.38095238095238093,,,0.23529411764705882,238
stump/joint,cal_unsup,0.7092511013215859,0.7,0.78,0.9301476301476301,0.4,1.0,227
stump/joint,cal_unsup_norm,0.7709251101321586,0.775874125874126,0.7346938775510204,0.9301476301476301,0.9363636363636364,0.6153846153846154,227
knn/joint,train,1.0,1.0,1.0,1.0,1.0,1.0,3328
knn/joint,val,0.42052744119743407,0.50236756467723,0.5902906097765832,0.5121048314889931,0.005303957568339453,0.9994311717861206,4209
knn/joint,val_norm,0.7412687099073414,0.6918813523211951,0.558573165788407,0.7612036646368946,0.9918400652794778,0.3919226393629124,4209
knn/joint,calib,0.20114285714285715,0.20114285714285715,0.33491912464319695,,,0.20114285714285715,875
knn/joint,calib_norm,0.14742857142857144,0.14742857142857144,0.25697211155378485,,,0.14742857142857144,875
knn/joint,testml,0.27070989981686955,0.27075023657575453,0.2381273914022057,0.15514664649105964,0.2704963747908533,0.27100409836065575,9283
knn/joint,testml_norm,0.6038996014219541,0.5606804667285344,0.38003709323891416,0.6788446036346569,0.8326826547685443,0.2886782786885246,9283
knn/joint,cal_sup,0.21428571428571427,0.21428571428571427,0.35294117647058826,,,0.21428571428571427,238
knn/joint,cal_sup_norm,0.15126050420168066,0.15126050420168066,0.26277372262773724,,,0.15126050420168066,238
knn/joint,cal_unsup,0.5198237885462555,0.5045454545454545,0.6822157434402333,0.5048951048951049,0.00909090909090909,1.0,227
knn/joint,cal_unsup_norm,0.5726872246696035,0.5849261849261849,0.3120567375886525,0.5878399378399379,0.9818181818181818,0.18803418803418803,227
logreg/all,train,0.9783653846153846,0.9763245194653136,0.9675967596759676,0.9949848765733242,0.9824324324324324,0.970216606498195,3328
logreg/all,val,0.41743882157282014,0.4992330914595004,0.5881760161236144,0.4986621745251294,0.0024479804161566705,0.9960182025028441,4209
logreg/all,val_norm,0.15157994773105252,0.17397753650735298,0.23385539583780304,0.15950769322173067,0.037943696450428395,0.3100113765642776,4209
logreg/all,calib,0.0,0.0,0.0,,,0.0,875
logreg/all,calib_norm,0.6171428571428571,0.6171428571428571,0.7632508833922261,,,0.6171428571428571,875
logreg/all,testml,0.420553700312399,0.5,0.5920982786077197,0.4191806173979562,0.0,1.0,9283
logreg/all,testml_norm,0.646019605730906,0.6449990085532993,0.6027562862669246,0.7061118165208353,0.6514221974344674,0.6385758196721312,9283
logreg/all,cal_sup,0.0,0.0,0.0,,,0.0,238
logreg/all,cal_sup_norm,0.6302521008403361,0.6302521008403361,0.7731958762886598,,,0.6302521008403361,238
logreg/all,cal_unsup,0.5154185022026432,0.5,0.6802325581395349,0.5,0.0,1.0,227
logreg/all,cal_unsup_norm,0.08370044052863436,0.08201243201243202,0.13333333333333333,0.017171717171717137,0.02727272727272727,0.13675213675213677,227
svm/all,train,0.9966947115384616,0.9957142160210752,0.9950248756218906,0.9999520278401145,0.9986486486486487,0.9927797833935018,3328
svm/all,val,0.41767640769779046,0.5,0.5892408245349422,0.5013294705929042,0.0,1.0,4209
svm/all,val_norm,0.5782846281777144,0.5551551014213046,0.450974327250232,0.5075525812175755,0.6956344349245206,0.41467576791808874,4209
svm/all,calib,0.037714285714285714,0.037714285714285714,0.07268722466960352,,,0.037714285714285714,875
svm/all,calib_norm,0.4685714285714286,0.4685714285714286,0.6381322957198443,,,0.4685714285714286,875
svm/all,testml,0.420553700312399,0.5,0.5920982786077197,0.49099726394996934,0.0,1.0,9283
svm/all,testml_norm,0.5561779597113002,0.5414867348050555,0.45974298452661944,0.5417878593589521,0.6339468302658486,0.4490266393442623,9283
svm/all,cal_sup,0.12184873949579832,0.12184873949579832,0.21722846441947566,,,0.12184873949579832,238
svm/all,cal_sup_norm,0.42016806722689076,0.42016806722689076,0.591715976331361,,,0.42016806722689076,238
svm/all,cal_unsup,0.5154185022026432,0.5,0.6802325581395349,0.5,0.0,1.0,227
svm/all,cal_unsup_norm,0.3392070484581498,0.3391219891219891,0.34782608695652173,0.327039627039627,0.33636363636363636,0.3418803418803419,227
rf/all,train,0.9996995192307693,0.9995487364620939,0.999548532731377,1.0,1.0,0.9990974729241877,3328
rf/all,val,0.41767640769779046,0.5,0.5892408245349422,0.9113086344456003,0.0,1.0,4209
rf/all,val_norm,0.8488952245188881,0.8412269561911764,0.8145772594752186,0.8366185425465401,0.8878008975928192,0.7946530147895335,4209
rf/all,calib,0.010285714285714285,0.010285714285714285,0.020361990950226245,,,0.010285714285714285,875
rf/all,calib_norm,0.6914285714285714,0.6914285714285714,0.8175675675675675,,,0.6914285714285714,875
rf/all,testml,0.3704621350856404,0.44044569672131145,0.5406382644238328,0.23784532536213995,0.0,0.8808913934426229,9283
rf/all,testml_norm,0.6267370462135086,0.6512582658654329,0.6447975397232188,0.6151872967581884,0.49693251533742333,0.8055840163934426,9283
rf/all,cal_sup,0.025210084033613446,0.025210084033613446,0.04918032786885246,,,0.025210084033613446,238
rf/all,cal_sup_norm,0.6008403361344538,0.6008403361344538,0.7506561679790026,,,0.6008403361344538,238
rf/all,cal_unsup,0.5154185022026432,0.5,0.6802325581395349,0.9206293706293707,0.0,1.0,227
rf/all,cal_unsup_norm,0.4185022026431718,0.40679875679875677,0.5822784810126582,0.48119658119658126,0.02727272727272727,0.7863247863247863,227
gbm/all,train,1.0,1.0,1.0,1.0,1.0,1.0,3328
gbm/all,val,0.41767640769779046,0.5,0.5892408245349422,0.8992384989247731,0.0,1.0,4209
gbm/all,val_norm,0.45260156806842483,0.5184078936924819,0.5835140997830802,0.8288718263632731,0.11872705018359853,0.9180887372013652,4209
gbm/all,calib,0.0,0.0,0.0,,,0.0,875
gbm/all,calib_norm,0.7771428571428571,0.7771428571428571,0.8745980707395499,,,0.7771428571428571,875
gbm/all,testml,0.42033825272002584,0.49974385245901637,0.5918847174819871,0.184868951889406,0.0,0.9994877049180327,9283
gbm/all,testml_norm,0.5011310998599591,0.5488441550550258,0.588757659177693,0.5985732310533678,0.2485592117493958,0.8491290983606558,9283
gbm/all,cal_sup,0.0,0.0,0.0,,,0.0,238
gbm/all,cal_sup_norm,0.7478991596638656,0.7478991596638656,0.8557692307692307,,,0.7478991596638656,238
gbm/all,cal_unsup,0.5154185022026432,0.5,0.6802325581395349,0.8920745920745922,0.0,1.0,227
gbm/all,cal_unsup_norm,0.5154185022026432,0.5,0.6802325581395349,0.5921522921522923,0.0,1.0,227
mlp/all,train,1.0,1.0,1.0,1.0,1.0,1.0,3328
mlp/all,val,0.4276550249465431,0.4281521925299,0.3862420382165605,0.40770663595783385,0.42513259893920846,0.4311717861205916,4209
mlp/all,val_norm,0.569256355428843,0.564210052872478,0.50853889943074,0.5804788647015056,0.594859241126071,0.5335608646188851,4209
mlp/all,calib,0.0,0.0,0.0,,,0.0,875
mlp/all,calib_norm,0.5062857142857143,0.5062857142857143,0.6722306525037937,,,0.5062857142857143,875
mlp/all,testml,0.420553700312399,0.5,0.5920982786077197,0.4998719262295082,0.0,1.0,9283
mlp/all,testml_norm,0.541958418614672,0.5409467725505076,0.4953714692618087,0.5643414146239627,0.5473136270682283,0.5345799180327869,9283
mlp/all,cal_sup,0.0,0.0,0.0,,,0.0,238
mlp/all,cal_sup_norm,0.453781512605042,0.453781512605042,0.6242774566473989,,,0.453781512605042,238
mlp/all,cal_unsup,0.5330396475770925,0.5255244755244756,0.6293706293706294,0.5324786324786326,0.2818181818181818,0.7692307692307693,227
mlp/all,cal_unsup_norm,0.3568281938325991,0.3534965034965035,0.4251968503937008,0.34957264957264955,0.24545454545454545,0.46153846153846156,227
stump/all,train,0.8254206730769231,0.8074356847822552,0.7418924922256774,0.818326787979315,0.8612612612612612,0.7536101083032491,3328
stump/all,val,0.41767640769779046,0.5,0.5892408245349422,0.009833812114486029,0.0,1.0,4209
stump/all,val_norm,0.41696364932287955,0.498664263245621,0.5877016129032258,0.009833812114486029,0.0024479804161566705,0.9948805460750854,4209
stump/all,calib,0.0,0.0,0.0,,,0.0,875
stump/all,calib_norm,0.6194285714285714,0.6194285714285714,0.7649964714184898,,,0.6194285714285714,875
stump/all,testml,0.324140902725412,0.3853739754098361,0.4895867230719167,0.5230785172452678,0.0,0.7707479508196722,9283
stump/all,testml_norm,0.43574275557470643,0.45547511440209193,0.4635395329782876,0.5230785172452678,0.3312883435582822,0.5796618852459017,9283
stump/all,cal_sup,0.0,0.0,0.0,,,0.0,238
stump/all,cal_sup_norm,0.7394957983193278,0.7394957983193278,0.8502415458937198,,,0.7394957983193278,238
stump/all,cal_unsup,0.5154185022026432,0.5,0.6802325581395349,0.5,0.0,1.0,227
stump/all,cal_unsup_norm,0.04405286343612335,0.042735042735042736,0.08438818565400844,0.021872571872571873,0.0,0.08547008547008547,227
knn/all,train,1.0,1.0,1.0,1.0,1.0,1.0,3328
knn/all,val,0.41767640769779046,0.5,0.5892408245349422,0.4997155858930603,0.0,1.0,4209
knn/all,val_norm,0.6994535519125683,0.6415028065441006,0.44590451160753397,0.7498218785580775,0.9934720522235823,0.2895335608646189,4209
knn/all,calib,0.0,0.0,0.0,,,0.0,875
knn/all,calib_norm,0.09371428571428571,0.09371428571428571,0.17136886102403343,,,0.09371428571428571,875
knn/all,testml,0.5844015943121835,0.5058913934426229,0.02329113924050633,0.6964794499099412,1.0,0.0117827868852459,9283
knn/all,testml_norm,0.6508671765593019,0.5881088016085627,0.317540534849442,0.6021175101487568,0.9830823573154861,0.19313524590163936,9283
knn/all,cal_sup,0.0,0.0,0.0,,,0.0,238
knn/all,cal_sup_norm,0.10084033613445378,0.10084033613445378,0.183206106870229,,,0.10084033613445378,238
knn/all,cal_unsup,0.5154185022026432,0.5,0.6802325581395349,0.5,0.0,1.0,227
knn/all,cal_unsup_norm,0.5594713656387665,0.5715617715617716,0.29577464788732394,0.656993006993007,0.9636363636363636,0.1794871794871795,227
logreg/sel,train,0.9378004807692307,0.9291922789215208,0.9062924400181077,0.9812823202263635,0.954954954954955,0.9034296028880866,3328
logreg/sel,val,0.41815157994773106,0.5002471652581728,0.5891628921321926,0.4989521585533801,0.0016319869441044472,0.9988623435722411,4209
logreg/sel,val_norm,0.5245901639344263,0.5343020122733216,0.5103988255444091,0.5607423126963107,0.47531619747042025,0.593287827076223,4209
logreg/sel,calib,0.0,0.0,0.0,,,0.0,875
logreg/sel,calib_norm,0.5291428571428571,0.5291428571428571,0.6920777279521674,,,0.5291428571428571,875
logreg/sel,testml,0.39459226543143383,0.3428086970733179,0.02294853963838665,0.4402507645854095,0.6687116564417178,0.016905737704918034,9283
logreg/sel,testml_norm,0.5563934073036734,0.5354915775602754,0.4337183718371837,0.44807747913104695,0.6670384829894033,0.40394467213114754,9283
logreg/sel,cal_sup,0.0,0.0,0.0,,,0.0,238
logreg/sel,cal_sup_norm,0.49159663865546216,0.49159663865546216,0.6591549295774648,,,0.49159663865546216,238
logreg/sel,cal_unsup,0.5154185022026432,0.5,0.6802325581395349,0.5,0.0,1.0,227
logreg/sel,cal_unsup_norm,0.11894273127753303,0.11701631701631701,0.17355371900826447,0.07226107226107226,0.05454545454545454,0.1794871794871795,227
svm/sel,train,0.9861778846153846,0.9844407584479786,0.9792418772563177,0.9980953426350537,0.9896396396396396,0.9792418772563177,3328
svm/sel,val,0.41767640769779046,0.5,0.5892408245349422,0.49747728980625494,0.0,1.0,4209
svm/sel,val_norm,0.3734853884533143,0.41654099531708866,0.47480581557458673,0.40418296448850255,0.15503875968992248,0.6780432309442548,4209
svm/sel,calib,0.014857142857142857,0.014857142857142857,0.02927927927927928,,,0.014857142857142857,875
svm/sel,calib_norm,0.4777142857142857,0.4777142857142857,0.6465583913379737,,,0.4777142857142857,875
svm/sel,testml,0.6504362813745557,0.6845970897753559,0.6840003895218619,0.6172627156610864,0.46960401561628556,0.8995901639344263,9283
svm/sel,testml_norm,0.7653775719056339,0.7632691950176613,0.7289021657953697,0.8474482581014815,0.7765383900353225,0.75,9283
svm/sel,cal_sup,0.0546218487394958,0.0546218487394958,0.10358565737051793,,,0.0546218487394958,238
svm/sel,cal_sup_norm,0.49159663865546216,0.49159663865546216,0.6591549295774648,,,0.49159663865546216,238
svm/sel,cal_unsup,0.5154185022026432,0.5,0.6802325581395349,0.4954545454545455,0.0,1.0,227
svm/sel,cal_unsup_norm,0.2687224669603524,0.2612276612276612,0.4154929577464789,0.08337218337218336,0.01818181818181818,0.5042735042735043,227
rf/sel,train,1.0,1.0,1.0,1.0,1.0,1.0,3328
rf/sel,val,0.41720123544784987,0.49943117178612056,0.5887678122380553,0.8650941850485674,0.0,0.9988623435722411,4209
rf/sel,val_norm,0.4751722499406035,0.5430147616839544,0.6031974133285432,0.8258381919292769,0.13096695226438188,0.9550625711035268,4209
rf/sel,calib,0.0034285714285714284,0.0034285714285714284,0.00683371298405467,,,0.0034285714285714284,875
rf/sel,calib_norm,0.5291428571428571,0.5291428571428571,0.6920777279521674,,,0.5291428571428571,875
rf/sel,testml,0.27911235591942263,0.3318391393442623,0.4364156981640559,0.007114939625562677,0.0,0.6636782786885246,9283
rf/sel,testml_norm,0.30141118173004416,0.3408608043118503,0.4149751917004962,0.2937314901377244,0.09258226436140547,0.5891393442622951,9283
rf/sel,cal_sup,0.004201680672268907,0.004201680672268907,0.008368200836820083,,,0.004201680672268907,238
rf/sel,cal_sup_norm,0.39915966386554624,0.39915966386554624,0.5705705705705706,,,0.39915966386554624,238
rf/sel,cal_unsup,0.5154185022026432,0.5,0.6802325581395349,0.8175602175602176,0.0,1.0,227
rf/sel,cal_unsup_norm,0.3436123348017621,0.334965034965035,0.49146757679180886,0.3842268842268842,0.05454545454545454,0.6153846153846154,227
gbm/sel,train,1.0,1.0,1.0,0.9999999999999999,1.0,1.0,3328
gbm/sel,val,0.41743882157282014,0.4997155858930603,0.58900435802883,0.8550971046156545,0.0,0.9994311717861206,4209
gbm/sel,val_norm,0.43525778094559275,0.5111555080255603,0.5898188093183779,0.9441784807018472,0.05018359853121175,0.9721274175199089,4209
gbm/sel,calib,0.0,0.0,0.0,,,0.0,875
gbm/sel,calib_norm,0.6182857142857143,0.6182857142857143,0.7641242937853108,,,0.6182857142857143,875
gbm/sel,testml,0.34848648066357857,0.41431864754098363,0.516855727752037,0.4485976791194658,0.0,0.8286372950819673,9283
gbm/sel,testml_norm,0.3663686308305505,0.4291168705180133,0.5224098733354985,0.341866917947452,0.03420710169176427,0.8240266393442623,9283
gbm/sel,cal_sup,0.0,0.0,0.0,,,0.0,238
gbm/sel,cal_sup_norm,0.6848739495798319,0.6848739495798319,0.8129675810473815,,,0.6848739495798319,238
gbm/sel,cal_unsup,0.5154185022026432,0.5,0.6802325581395349,0.8311965811965812,0.0,1.0,227
gbm/sel,cal_unsup_norm,0.4977973568281938,0.4829059829059829,0.6647058823529411,0.3864801864801865,0.0,0.9658119658119658,227
mlp/sel,train,0.9993990384615384,0.9993235112368686,0.9990974729241877,0.9999979672813607,0.9995495495495496,0.9990974729241877,3328
mlp/sel,val,0.41767640769779046,0.5,0.5892408245349422,0.4997155858930603,0.0,1.0,4209
mlp/sel,val_norm,0.6096459966737943,0.648184623396733,0.653740779768177,0.831856143785662,0.41411668706650345,0.8822525597269625,4209
mlp/sel,calib,0.0,0.0,0.0,,,0.0,875
mlp/sel,calib_norm,0.5485714285714286,0.5485714285714286,0.7084870848708487,,,0.5485714285714286,875
mlp/sel,testml,0.6504362813745557,0.5985889694363935,0.39582945447775086,0.4805460966524341,0.9248931028072133,0.27228483606557374,9283
mlp/sel,testml_norm,0.720995367876764,0.7358943373059774,0.7143802382002646,0.8270151463722003,0.6421267893660532,0.8296618852459017,9283
mlp/sel,cal_sup,0.0,0.0,0.0,,,0.0,238
mlp/sel,cal_sup_norm,0.6176470588235294,0.6176470588235294,0.7636363636363637,,,0.6176470588235294,238
mlp/sel,cal_unsup,0.5154185022026432,0.5,0.6802325581395349,0.5,0.0,1.0,227
mlp/sel,cal_unsup_norm,0.2687224669603524,0.2614996114996115,0.41134751773049644,0.1901320901320901,0.02727272727272727,0.49572649572649574,227
stump/sel,train,0.8254206730769231,0.8074356847822552,0.7418924922256774,0.818326787979315,0.8612612612612612,0.7536101083032491,3328
stump/sel,val,0.41767640769779046,0.5,0.5892408245349422,0.009833812114486029,0.0,1.0,4209
stump/sel,val_norm,0.41696364932287955,0.498664263245621,0.5877016129032258,0.009833812114486029,0.0024479804161566705,0.9948805460750854,4209
stump/sel,calib,0.0,0.0,0.0,,,0.0,875
stump/sel,calib_norm,0.6194285714285714,0.6194285714285714,0.7649964714184898,,,0.6194285714285714,875
stump/sel,testml,0.324140902725412,0.3853739754098361,0.4895867230719167,0.5230785172452678,0.0,0.7707479508196722,9283
stump/sel,testml_norm,0.43574275557470643,0.45547511440209193,0.4635395329782876,0.5230785172452678,0.3312883435582822,0.5796618852459017,9283
stump/sel,cal_sup,0.0,0.0,0.0,,,0.0,238
stump/sel,cal_sup_norm,0.7394957983193278,0.7394957983193278,0.8502415458937198,,,0.7394957983193278,238
stump/sel,cal_unsup,0.5154185022026432,0.5,0.6802325581395349,0.5,0.0,1.0,227
stump/sel,cal_unsup_norm,0.04405286343612335,0.042735042735042736,0.08438818565400844,0.021872571872571873,0.0,0.08547008547008547,227
knn/sel,train,1.0,1.0,1.0,1.0,1.0,1.0,3328
knn/sel,val,0.41767640769779046,0.5,0.5892408245349422,0.5,0.0,1.0,4209
knn/sel,val_norm,0.7474459491565693,0.7241245824299617,0.658309225329476,0.7686128203807135,0.8657690738474092,0.5824800910125142,4209
knn/sel,calib,0.608,0.608,0.7562189054726368,,,0.608,875
knn/sel,calib_norm,0.3017142857142857,0.3017142857142857,0.4635645302897278,,,0.3017142857142857,875
knn/sel,testml,0.0308090057093612,0.03547014859700292,0.05324634326002315,0.013252480426308751,0.006134969325153374,0.06480532786885246,9283
knn/sel,testml_norm,0.6893245717979102,0.6462635078660486,0.5039559683522532,0.6481864716002426,0.9172708681911136,0.37525614754098363,9283
knn/sel,cal_sup,0.9495798319327731,0.9495798319327731,0.9741379310344828,,,0.9495798319327731,238
knn/sel,cal_sup_norm,0.27310924369747897,0.27310924369747897,0.429042904290429,,,0.27310924369747897,238
knn/sel,cal_unsup,0.5154185022026432,0.5,0.6802325581395349,0.5,0.0,1.0,227
knn/sel,cal_unsup_norm,0.5947136563876652,0.5986790986790986,0.5445544554455446,0.5766122766122767,0.7272727272727273,0.4700854700854701,227
centroid_cal/all,train,0.6670673076923077,0.5,0.0,0.36694047386736917,1.0,0.0,3328
centroid_cal/all,val,0.5827987645521502,0.5005688282138794,0.0022727272727272726,0.6594863418567054,1.0,0.0011376564277588168,4209
centroid_cal/all,calib,1.0,1.0,1.0,,,1.0,875
centroid_cal/all,testml,0.420553700312399,0.5,0.5920982786077197,0.3210687043039263,0.0,1.0,9283
centroid_cal/all,cal_sup,1.0,1.0,1.0,,,1.0,238
centroid_cal/all,cal_unsup,0.4845814977973568,0.5,0.0,0.42229992229992225,1.0,0.0,227
threshcal/all,train,0.6015625,0.6464240413698897,0.5660994764397905,0.7794961703580837,0.5121621621621621,0.7806859205776173,3328
threshcal/all,val,0.41767640769779046,0.5,0.5892408245349422,0.5,0.0,1.0,4209
threshcal/all,calib,0.5862857142857143,0.5862857142857143,0.739193083573487,,,0.5862857142857143,875
threshcal/all,testml,0.0154045028546806,0.01831454918032787,0.030341608317419902,0.004738729508196721,0.0,0.03662909836065574,9283
threshcal/all,cal_sup,0.453781512605042,0.453781512605042,0.6242774566473989,,,0.453781512605042,238
threshcal/all,cal_unsup,0.5154185022026432,0.5,0.6802325581395349,0.5,0.0,1.0,227
clustervote/joint,train,0.7484975961538461,0.6222924187725631,0.3930384336475707,0.6222924187725631,1.0,0.24458483754512636,3328
clustervote/joint,val,0.5839866951770016,0.5019908987485779,0.00793201133144476,0.5019908987485779,1.0,0.003981797497155859,4209
clustervote/joint,testml,0.5783690617257352,0.5613025495323343,0.47519442209707696,0.5613025495323343,0.6687116564417178,0.45389344262295084,9283
clustervote/joint,cal_sup,0.0,0.0,0.0,,,0.0,238
clustervote/joint,cal_unsup,0.4845814977973568,0.5,0.0,0.5,1.0,0.0,227
emb_logreg/all,train,0.9041466346153846,0.8870141802452272,0.8530631045601106,0.9501268416430871,0.9382882882882883,0.8357400722021661,3328
emb_logreg/all,val,0.5882632454264671,0.5071103526734926,0.028042624789680313,0.19505864430900255,1.0,0.01422070534698521,4209
emb_logreg/all,calib,0.0,0.0,0.0,,,0.0,875
emb_logreg/all,testml,0.579446299687601,0.5,0.0,0.3217506453451339,1.0,0.0,9283
emb_logreg/all,cal_sup,0.0,0.0,0.0,,,0.0,238
emb_logreg/all,cal_unsup,0.4845814977973568,0.5,0.0,0.04125874125874124,1.0,0.0,227
emb_svm/all,train,0.9636418269230769,0.953986567795232,0.9442653155228006,0.9932497479428887,0.9828828828828828,0.9250902527075813,3328
emb_svm/all,val,0.41767640769779046,0.5,0.5892408245349422,0.5014101184118854,0.0,1.0,4209
emb_svm/all,calib,0.13942857142857143,0.13942857142857143,0.24473420260782347,,,0.13942857142857143,875
emb_svm/all,testml,0.420553700312399,0.5,0.5920982786077197,0.7404062531429146,0.0,1.0,9283
emb_svm/all,cal_sup,0.4411764705882353,0.4411764705882353,0.6122448979591837,,,0.4411764705882353,238
emb_svm/all,cal_unsup,0.5154185022026432,0.5,0.6802325581395349,0.5,0.0,1.0,227
emb_rf/all,train,0.9765625,0.9648014440433212,0.9635173058933583,0.9998398217712298,1.0,0.9296028880866426,3328
emb_rf/all,val,0.41981468282252316,0.5016751538342642,0.5898555592878737,0.7025076017821892,0.00448796409628723,0.9988623435722411,4209
emb_rf/all,calib,0.0034285714285714284,0.0034285714285714284,0.00683371298405467,,,0.0034285714285714284,875
emb_rf/all,testml,0.4642895615641495,0.40597028059941664,0.057608489672162214,0.16329567645427423,0.7730061349693251,0.0389344262295082,9283
emb_rf/all,cal_sup,0.012605042016806723,0.012605042016806723,0.024896265560165973,,,0.012605042016806723,238
emb_rf/all,cal_unsup,0.5154185022026432,0.5,0.6802325581395349,0.6595959595959597,0.0,1.0,227
emb_gbm/all,train,1.0,1.0,1.0,1.0,1.0,1.0,3328
emb_gbm/all,val,0.42100261344737466,0.5026147299354028,0.590213553051959,0.4794766966096353,0.0069359445124439,0.9982935153583617,4209
emb_gbm/all,calib,0.002285714285714286,0.002285714285714286,0.004561003420752566,,,0.002285714285714286,875
emb_gbm/all,testml,0.5895723365291393,0.5190979920775695,0.1340909090909091,0.2603447605899079,0.9626324595649749,0.07556352459016394,9283
emb_gbm/all,cal_sup,0.008403361344537815,0.008403361344537815,0.016666666666666666,,,0.008403361344537815,238
emb_gbm/all,cal_unsup,0.5154185022026432,0.5,0.6802325581395349,0.5053613053613054,0.0,1.0,227
emb_mlp/all,train,1.0,1.0,1.0,1.0,1.0,1.0,3328
emb_mlp/all,val,0.5823235923022095,0.510051967365831,0.12450199203187251,0.5219924861761516,0.949000407996736,0.07110352673492605,4209
emb_mlp/all,calib,0.0,0.0,0.0,,,0.0,875
emb_mlp/all,testml,0.6112248195626414,0.537781762295082,0.140509645153608,0.6368225495170959,1.0,0.07556352459016394,9283
emb_mlp/all,cal_sup,0.0,0.0,0.0,,,0.0,238
emb_mlp/all,cal_unsup,0.4889867841409692,0.5031857031857032,0.07936507936507936,0.5031857031857032,0.9636363636363636,0.042735042735042736,227
seqcnn/jointseq,train,0.8864182692307693,0.845245064559144,0.8088978766430738,0.8896128077536021,0.9684684684684685,0.7220216606498195,3328
seqcnn/jointseq,val,0.40888572107388926,0.4841692392740722,0.5708865125905485,0.5644306449643965,0.02692778457772338,0.941410693970421,4209
seqcnn/jointseq,calib,0.0,0.0,0.0,,,0.0,875
seqcnn/jointseq,testml,0.1424108585586556,0.16931352459016394,0.24931636020744932,0.011590569084691832,0.0,0.3386270491803279,9283
seqcnn/jointseq,cal_sup,0.0,0.0,0.0,,,0.0,238
seqcnn/jointseq,cal_unsup,0.5110132158590308,0.4965423465423465,0.6706231454005934,0.27397047397047397,0.02727272727272727,0.9658119658119658,227
fusemean_rf/prob,val,0.41767640769779046,0.5,0.5892408245349422,0.9497227571667481,0.0,1.0,4209
fusemean_rf/prob,val_norm,0.5096222380612973,0.5494347922349727,0.574081716879901,0.7586641286391893,0.3076295389636883,0.7912400455062572,4209
fusemean_rf/prob,testml,0.38134223850048476,0.45338114754098363,0.5521328862200733,0.4299272900990189,0.0,0.9067622950819673,9283
fusemean_rf/prob,testml_norm,0.7254120435204137,0.7500657631072873,0.7349485286471873,0.7693857354344004,0.594906116378509,0.9052254098360656,9283
fusemean_rf/prob,cal_sup,0.04201680672268908,0.04201680672268908,0.08064516129032258,,,0.04201680672268908,238
fusemean_rf/prob,cal_unsup,0.5154185022026432,0.5,0.6802325581395349,0.9221833721833722,0.0,1.0,227
fusemax_rf/prob,val,0.41767640769779046,0.5,0.5892408245349422,0.9420410233987755,0.0,1.0,4209
fusemax_rf/prob,val_norm,0.41815157994773106,0.5004079967360261,0.5894383906119027,0.826298058557511,0.0008159934720522236,1.0,4209
fusemax_rf/prob,testml,0.41979963373909296,0.4991034836065574,0.591350531107739,0.12515864575809385,0.0,0.9982069672131147,9283
fusemax_rf/prob,testml_norm,0.4132284821717117,0.4912909836065574,0.584800670782834,0.47356311182071137,0.0,0.9825819672131147,9283
fusemax_rf/prob,cal_sup,0.7226890756302521,0.7226890756302521,0.8390243902439024,,,0.7226890756302521,238
fusemax_rf/prob,cal_unsup,0.5154185022026432,0.5,0.6802325581395349,0.9116550116550116,0.0,1.0,227
fusw_rf/prob,val,0.4395343311950582,0.5184461869014946,0.5979205726947332,0.9461267927604019,0.03916768665850673,0.9977246871444824,4209
fusw_rf/prob,val_norm,0.47089569969113804,0.5124839342582188,0.5470815537929632,0.7032366812737852,0.2598939208486332,0.7650739476678043,4209
fusw_rf/prob,testml,0.6949262091996122,0.7148393570625291,0.6984667802385008,0.7608582461698347,0.5895147796988288,0.8401639344262295,9283
fusw_rf/prob,testml_norm,0.7950016158569428,0.808568832877706,0.7857705730046155,0.8390096752245375,0.723182747722625,0.8939549180327869,9283
fusw_rf/prob,cal_sup,0.025210084033613446,0.025210084033613446,0.04918032786885246,,,0.025210084033613446,238
fusw_rf/prob,cal_unsup,0.5154185022026432,0.5,0.6802325581395349,0.9238150738150738,0.0,1.0,227
fusemean_gbm/prob,val,0.41791399382276073,0.5002039983680131,0.589339591015756,0.9544672857634204,0.0004079967360261118,1.0,4209
fusemean_gbm/prob,val_norm,0.48253741981468284,0.5186198988223794,0.5435875943000839,0.7196101612074475,0.29946960424316604,0.7377701934015927,4209
fusemean_gbm/prob,testml,0.4050414736615318,0.48117106046129604,0.5758390292604255,0.5374187794672055,0.002044989775051125,0.960297131147541,9283
fusemean_gbm/prob,testml_norm,0.7769040180975978,0.7862446865695067,0.7611027800207636,0.8309005269429689,0.7274586354340955,0.845030737704918,9283
fusemean_gbm/prob,cal_sup,0.06302521008403361,0.06302521008403361,0.11857707509881422,,,0.06302521008403361,238
fusemean_gbm/prob,cal_unsup,0.5154185022026432,0.5,0.6802325581395349,0.9268842268842269,0.0,1.0,227
fusemax_gbm/prob,val,0.41767640769779046,0.5,0.5892408245349422,0.8996109874124419,0.0,1.0,4209
fusemax_gbm/prob,val_norm,0.4138750296982656,0.4931977335990186,0.581509754028838,0.7185244907119241,0.01142390860873113,0.9749715585893061,4209
fusemax_gbm/prob,testml,0.4202305289238393,0.4996157786885246,0.5917779126213593,0.07981650712089212,0.0,0.9992315573770492,9283
fusemax_gbm/prob,testml_norm,0.4182915005924809,0.49709973268082613,0.589478485631747,0.5956651302576199,0.0011154489682097045,0.9930840163934426,9283
fusemax_gbm/prob,cal_sup,0.18487394957983194,0.18487394957983194,0.3120567375886525,,,0.18487394957983194,238
fusemax_gbm/prob,cal_unsup,0.5154185022026432,0.5,0.6802325581395349,0.8412587412587412,0.0,1.0,227
fusw_gbm/prob,val,0.7115704442860536,0.7488881044583042,0.7385874246339362,0.9548994188251272,0.5222358221134231,0.9755403868031854,4209
fusw_gbm/prob,val_norm,0.4668567355666429,0.5068447370509773,0.5401639344262295,0.6974829525595877,0.26397388820889434,0.7497155858930603,4209
fusw_gbm/prob,testml,0.7093611978886136,0.7366721610528497,0.724468954248366,0.7847154919404241,0.564788994236847,0.9085553278688525,9283
fusw_gbm/prob,testml_norm,0.8196703651836691,0.8340345604414862,0.8117408906882592,0.8574098688280776,0.7436326454731362,0.9244364754098361,9283
fusw_gbm/prob,cal_sup,0.09243697478991597,0.09243697478991597,0.16923076923076924,,,0.09243697478991597,238
fusw_gbm/prob,cal_unsup,0.6872246696035242,0.6775446775446776,0.7656765676567657,0.9270396270396271,0.36363636363636365,0.9914529914529915,227
fusemean_mlp/prob,val,0.5264908529341886,0.5853092629183881,0.6244582626719427,0.6650692596507011,0.22807017543859648,0.9425483503981797,4209
fusemean_mlp/prob,val_norm,0.6775956284153005,0.6869871320892914,0.6584445003775484,0.7676611761167345,0.6299469604243166,0.7440273037542662,4209
fusemean_mlp/prob,testml,0.20532155553161693,0.24410860655737704,0.3406917508267048,0.21694932421621427,0.0,0.4882172131147541,9283
fusemean_mlp/prob,testml_norm,0.6371862544436065,0.6266301488560553,0.5649702919142341,0.7048367693961641,0.693065625580963,0.5601946721311475,9283
fusemean_mlp/prob,cal_sup,0.8739495798319328,0.8739495798319328,0.9327354260089686,,,0.8739495798319328,238
fusemean_mlp/prob,cal_unsup,0.5198237885462555,0.5045454545454545,0.6822157434402333,0.524941724941725,0.00909090909090909,1.0,227
fusemax_mlp/prob,val,0.41767640769779046,0.5,0.5892408245349422,0.5,0.0,1.0,4209
fusemax_mlp/prob,val_norm,0.45545260156806844,0.5245549980992643,0.5915894511760513,0.7869170903288063,0.10485516115871073,0.944254835039818,4209
fusemax_mlp/prob,testml,0.420553700312399,0.5,0.5920982786077197,0.5,0.0,1.0,9283
fusemax_mlp/prob,testml_norm,0.4514704298179468,0.5243248019392355,0.6011279962400126,0.7503408633757874,0.06581148912437255,0.9828381147540983,9283
fusemax_mlp/prob,cal_sup,1.0,1.0,1.0,,,1.0,238
fusemax_mlp/prob,cal_unsup,0.5154185022026432,0.5,0.6802325581395349,0.5,0.0,1.0,227
fusw_mlp/prob,val,0.5267284390591589,0.5855132612864011,0.6245759517527327,0.6626968212923239,0.2284781721746226,0.9425483503981797,4209
fusw_mlp/prob,val_norm,0.6431456402946067,0.6557990539488654,0.6316821971554684,0.6995949970966786,0.5789473684210527,0.732650739476678,4209
fusw_mlp/prob,testml,0.20812237423246796,0.24743852459016394,0.34453856442264824,0.12519174160137023,0.0,0.4948770491803279,9283
fusw_mlp/prob,testml_norm,0.6341699881503824,0.6241327936663222,0.5632716049382716,0.6547981401183716,0.6873024725785462,0.5609631147540983,9283
fusw_mlp/prob,cal_sup,0.8487394957983193,0.8487394957983193,0.9181818181818182,,,0.8487394957983193,238
fusw_mlp/prob,cal_unsup,0.5198237885462555,0.5045454545454545,0.6822157434402333,0.5158508158508159,0.00909090909090909,1.0,227
