split,minute,activity,label,selected
calibration_minutes,20260817_2117,sleep,1,False
calibration_minutes,20260817_2118,sleep,1,False
calibration_minutes,20260817_2119,sleep,1,False
calibration_minutes,20260817_2120,sleep,1,False
calibration_minutes,20260817_2121,sleep,1,False
calibration_minutes,20260817_2122,sleep,1,False
calibration_minutes,20260817_2123,sleep,1,False
calibration_minutes,20260817_2124,sleep,1,False
calibration_minutes,20260817_2125,sleep,1,False
calibration_minutes,20260817_2126,sleep,1,False
calibration_minutes,20260817_2127,sleep,1,False
calibration_minutes,20260817_2128,sleep,1,False
calibration_minutes,20260817_2129,sleep,1,False
calibration_minutes,20260817_2130,sleep,1,False
calibration_minutes,20260817_2131,sleep,1,False
calibration_minutes,20260817_2132,sleep,1,False
calibration_minutes,20260817_2133,sleep,1,False
calibration_minutes,20260817_2135,sleep,1,False
calibration_minutes,20260817_2136,sleep,1,False
calibration_minutes,20260817_2137,sleep,1,False
calibration_minutes,20260817_2138,sleep,1,False
calibration_minutes,20260817_2139,sleep,1,False
calibration_minutes,20260817_2140,sleep,1,False
calibration_minutes,20260817_2141,sleep,1,False
calibration_minutes,20260817_2142,sleep,1,False
calibration_minutes,20260817_2143,sleep,1,False
calibration_minutes,20260817_2144,sleep,1,False
calibration_minutes,20260817_2145,sleep,1,False
calibration_minutes,20260817_2146,sleep,1,False
calibration_minutes,20260817_2147,sleep,1,False
calibration_minutes,20260817_2148,sleep,1,False
calibration_minutes,20260817_2149,sleep,1,False
calibration_minutes,20260817_2150,sleep,1,False
calibration_minutes,20260817_2151,sleep,1,False
calibration_minutes,20260817_2152,sleep,1,False
calibration_minutes,20260817_2153,sleep,1,False
calibration_minutes,20260817_2154,sleep,1,False
calibration_minutes,20260817_2155,sleep,1,False
calibration_minutes,20260817_2156,sleep,1,False
calibration_minutes,20260817_2157,sleep,1,False
calibration_minutes,20260817_2158,sleep,1,False
calibration_minutes,20260817_2159,sleep,1,False
calibration_minutes,20260817_2200,sleep,1,False
calibration_minutes,20260817_2201,sleep,1,False
calibration_minutes,20260817_2202,sleep,1,False
calibration_minutes,20260817_2203,sleep,1,False
calibration_minutes,20260817_2204,sleep,1,False
calibration_minutes,20260817_2205,sleep,1,False
calibration_minutes,20260817_2206,sleep,1,False
calibration_minutes,20260817_2207,sleep,1,False
calibration_minutes,20260817_2208,sleep,1,False
calibration_minutes,20260817_2209,sleep,1,False
calibration_minutes,20260817_2210,sleep,1,False
calibration_minutes,20260817_2211,sleep,1,False
calibration_minutes,20260817_2212,sleep,1,False
calibration_minutes,20260817_2213,sleep,1,False
calibration_minutes,20260817_2214,sleep,1,False
calibration_minutes,20260817_2215,sleep,1,False
calibration_minutes,20260817_2216,sleep,1,False
calibration_minutes,20260817_2217,sleep,1,False
calibration_minutes,20260817_2218,sleep,1,False
calibration_minutes,20260817_2219,sleep,1,False
calibration_minutes,20260817_2220,sleep,1,False
calibration_minutes,20260817_2221,sleep,1,False
calibration_minutes,20260817_2222,sleep,1,False
calibration_minutes,20260817_2223,sleep,1,False
calibration_minutes,20260817_2224,sleep,1,False
calibration_minutes,20260817_2225,sleep,1,False
calibration_minutes,20260817_2226,sleep,1,False
calibration_minutes,20260817_2227,sleep,1,False
calibration_minutes,20260817_2228,sleep,1,False
calibration_minutes,20260817_2229,sleep,1,False
calibration_minutes,20260817_2230,sleep,1,False
calibration_minutes,20260817_2231,sleep,1,False
calibration_minutes,20260817_2232,sleep,1,False
calibration_minutes,20260817_2233,sleep,1,False
calibration_minutes,20260817_2234,sleep,1,False
calibration_minutes,20260817_2235,sleep,1,False
calibration_minutes,20260817_2236,sleep,1,False
calibration_minutes,20260817_2237,sleep,1,False
calibration_minutes,20260817_2238,sleep,1,False
calibration_minutes,20260817_2239,sleep,1,False
calibration_minutes,20260817_2240,sleep,1,False
calibration_minutes,20260817_2241,sleep,1,False
calibration_minutes,20260817_2242,sleep,1,False
calibration_minutes,20260817_2243,sleep,1,False
calibration_minutes,20260817_2244,sleep,1,False
calibration_minutes,20260817_2245,sleep,1,False
calibration_minutes,20260817_2246,sleep,1,False
calibration_minutes,20260817_2247,sleep,1,False
calibration_minutes,20260817_2248,sleep,1,False
calibration_minutes,20260817_2249,sleep,1,False
calibration_minutes,20260817_2250,sleep,1,False
calibration_minutes,20260817_2251,sleep,1,False
calibration_minutes,20260817_2252,sleep,1,False
calibration_minutes,20260817_2253,sleep,1,False
calibration_minutes,20260817_2254,sleep,1,False
calibration_minutes,20260817_2255,sleep,1,False
calibration_minutes,20260817_2256,sleep,1,False
calibration_minutes,20260817_2257,sleep,1,False
calibration_minutes,20260817_2258,sleep,1,False
calibration_minutes,20260817_2259,sleep,1,False
calibration_minutes,20260817_2300,sleep,1,False
calibration_minutes,20260817_2301,sleep,1,False
calibration_minutes,20260817_2302,sleep,1,False
calibration_minutes,20260817_2303,sleep,1,False
calibration_minutes,20260817_2304,sleep,1,False
calibration_minutes,20260817_2305,sleep,1,False
calibration_minutes,20260817_2306,sleep,1,False
calibration_minutes,20260817_2307,sleep,1,False
calibration_minutes,20260817_2308,sleep,1,False
calibration_minutes,20260817_2309,sleep,1,False
calibration_minutes,20260817_2310,sleep,1,False
calibration_minutes,20260817_2311,sleep,1,False
calibration_minutes,20260817_2312,sleep,1,False
calibration_minutes,20260817_2313,sleep,1,False
calibration_minutes,20260817_2314,sleep,1,False
calibration_minutes,20260817_2315,sleep,1,False
calibration_minutes,20260817_2316,sleep,1,False
calibration_minutes,20260817_2317,sleep,1,False
calibration_minutes,20260817_2318,sleep,1,False
calibration_minutes,20260817_2319,sleep,1,False
calibration_minutes,20260817_2320,sleep,1,False
calibration_minutes,20260817_2321,sleep,1,False
calibration_minutes,20260817_2322,sleep,1,False
calibration_minutes,20260817_2323,sleep,1,False
calibration_minutes,20260817_2324,sleep,1,False
calibration_minutes,20260817_2325,sleep,1,False
calibration_minutes,20260817_2326,sleep,1,False
calibration_minutes,20260817_2327,sleep,1,False
calibration_minutes,20260817_2328,sleep,1,False
calibration_minutes,20260817_2329,sleep,1,False
calibration_minutes,20260817_2330,sleep,1,False
calibration_minutes,20260817_2331,sleep,1,False
calibration_minutes,20260817_2332,sleep,1,False
calibration_minutes,20260817_2333,sleep,1,False
calibration_minutes,20260817_2334,sleep,1,False
calibration_minutes,20260817_2335,sleep,1,False
calibration_minutes,20260817_2336,sleep,1,False
calibration_minutes,20260817_2337,sleep,1,False
calibration_minutes,20260817_2338,sleep,1,False
calibration_minutes,20260817_2339,sleep,1,False
calibration_minutes,20260817_2340,sleep,1,False
calibration_minutes,20260817_2341,sleep,1,False
calibration_minutes,20260817_2342,sleep,1,False
calibration_minutes,20260817_2343,sleep,1,False
calibration_minutes,20260817_2344,sleep,1,False
calibration_minutes,20260817_2345,sleep,1,False
calibration_minutes,20260817_2346,sleep,1,False
calibration_minutes,20260817_2347,sleep,1,False
calibration_minutes,20260817_2348,sleep,1,False
calibration_minutes,20260817_2349,sleep,1,False
calibration_minutes,20260817_2350,sleep,1,False
calibration_minutes,20260817_2351,sleep,1,False
calibration_minutes,20260817_2352,sleep,1,False
calibration_minutes,20260817_2353,sleep,1,False
calibration_minutes,20260817_2354,sleep,1,False
calibration_minutes,20260817_2355,sleep,1,False
calibration_minutes,20260817_2356,sleep,1,False
calibration_minutes,20260817_2357,sleep,1,False
calibration_minutes,20260817_2358,sleep,1,False
calibration_minutes,20260817_2359,sleep,1,False
calibration_minutes,20260818_0000,sleep,1,False
calibration_minutes,20260818_0001,sleep,1,False
calibration_minutes,20260818_0002,sleep,1,False
calibration_minutes,20260818_0003,sleep,1,False
calibration_minutes,20260818_0004,sleep,1,False
calibration_minutes,20260818_0005,sleep,1,False
calibration_minutes,20260818_0006,sleep,1,False
calibration_minutes,20260818_0007,sleep,1,False
calibration_minutes,20260818_0008,sleep,1,False
calibration_minutes,20260818_0009,sleep,1,False
calibration_minutes,20260818_0010,sleep,1,False
calibration_minutes,20260818_0011,sleep,1,False
calibration_minutes,20260818_0012,sleep,1,False
calibration_minutes,20260818_0013,sleep,1,False
calibration_minutes,20260818_0014,sleep,1,False
calibration_minutes,20260818_0015,sleep,1,False
calibration_minutes,20260818_0016,sleep,1,False
calibration_minutes,20260818_0017,sleep,1,False
calibration_minutes,20260818_0018,sleep,1,False
calibration_minutes,20260818_0019,sleep,1,False
calibration_minutes,20260818_0020,sleep,1,False
calibration_minutes,20260818_0021,sleep,1,False
calibration_minutes,20260818_0022,sleep,1,False
calibration_minutes,20260818_0023,sleep,1,False
calibration_minutes,20260818_0024,sleep,1,False
calibration_minutes,20260818_0025,sleep,1,False
calibration_minutes,20260818_0026,sleep,1,False
calibration_minutes,20260818_0027,sleep,1,False
calibration_minutes,20260818_0028,sleep,1,False
calibration_minutes,20260818_0029,sleep,1,False
calibration_minutes,20260818_0030,sleep,1,False
calibration_minutes,20260818_0031,sleep,1,False
calibration_minutes,20260818_0032,sleep,1,False
calibration_minutes,20260818_0033,sleep,1,False
calibration_minutes,20260818_0034,sleep,1,False
calibration_minutes,20260818_0035,sleep,1,False
calibration_minutes,20260818_0036,sleep,1,False
calibration_minutes,20260818_0037,sleep,1,False
calibration_minutes,20260818_0038,sleep,1,False
calibration_minutes,20260818_0039,sleep,1,False
calibration_minutes,20260818_0040,sleep,1,False
calibration_minutes,20260818_0041,sleep,1,False
calibration_minutes,20260818_0042,sleep,1,False
calibration_minutes,20260818_0043,sleep,1,False
calibration_minutes,20260818_0044,sleep,1,False
calibration_minutes,20260818_0045,sleep,1,False
calibration_minutes,20260818_0046,sleep,1,False
calibration_minutes,20260818_0047,sleep,1,False
calibration_minutes,20260818_0048,sleep,1,False
calibration_minutes,20260818_0049,sleep,1,False
calibration_minutes,20260818_0050,sleep,1,False
calibration_minutes,20260818_0051,sleep,1,False
calibration_minutes,20260818_0052,sleep,1,False
calibration_minutes,20260818_0053,sleep,1,False
calibration_minutes,20260818_0054,sleep,1,False
calibration_minutes,20260818_0055,sleep,1,False
calibration_minutes,20260818_0056,sleep,1,False
calibration_minutes,20260818_0057,sleep,1,False
calibration_minutes,20260818_0058,sleep,1,False
calibration_minutes,20260818_0059,sleep,1,False
calibration_minutes,20260818_0100,sleep,1,False
calibration_minutes,20260818_0101,sleep,1,False
calibration_minutes,20260818_0102,sleep,1,False
calibration_minutes,20260818_0103,sleep,1,False
calibration_minutes,20260818_0104,sleep,1,False
calibration_minutes,20260818_0105,sleep,1,False
calibration_minutes,20260818_0106,sleep,1,False
calibration_minutes,20260818_0107,sleep,1,False
calibration_minutes,20260818_0108,sleep,1,False
calibration_minutes,20260818_0109,sleep,1,False
calibration_minutes,20260818_0110,sleep,1,False
calibration_minutes,20260818_0111,sleep,1,False
calibration_minutes,20260818_0112,sleep,1,False
calibration_minutes,20260818_0113,sleep,1,False
calibration_minutes,20260818_0114,sleep,1,False
calibration_minutes,20260818_0115,sleep,1,False
calibration_minutes,20260818_0116,sleep,1,False
calibration_minutes,20260818_0117,sleep,1,False
calibration_minutes,20260818_0118,sleep,1,False
calibration_minutes,20260818_0119,sleep,1,False
calibration_minutes,20260818_0120,sleep,1,False
calibration_minutes,20260818_0121,sleep,1,False
calibration_minutes,20260818_0122,sleep,1,False
calibration_minutes,20260818_0123,sleep,1,False
calibration_minutes,20260818_0124,sleep,1,False
calibration_minutes,20260818_0125,sleep,1,False
calibration_minutes,20260818_0126,sleep,1,False
calibration_minutes,20260818_0127,sleep,1,False
calibration_minutes,20260818_0128,sleep,1,False
calibration_minutes,20260818_0129,sleep,1,False
calibration_minutes,20260818_0130,sleep,1,False
calibration_minutes,20260818_0131,sleep,1,False
calibration_minutes,20260818_0132,sleep,1,False
calibration_minutes,20260818_0133,sleep,1,False
calibration_minutes,20260818_0134,sleep,1,False
calibration_minutes,20260818_0135,sleep,1,False
calibration_minutes,20260818_0136,sleep,1,False
calibration_minutes,20260818_0137,sleep,1,False
calibration_minutes,20260818_0138,sleep,1,False
calibration_minutes,20260818_0139,sleep,1,False
calibration_minutes,20260818_0140,sleep,1,False
calibration_minutes,20260818_0141,sleep,1,False
calibration_minutes,20260818_0142,sleep,1,False
calibration_minutes,20260818_0143,sleep,1,False
calibration_minutes,20260818_0144,sleep,1,False
calibration_minutes,20260818_0145,sleep,1,False
calibration_minutes,20260818_0146,sleep,1,False
calibration_minutes,20260818_0147,sleep,1,False
calibration_minutes,20260818_0148,sleep,1,False
calibration_minutes,20260818_0149,sleep,1,False
calibration_minutes,20260818_0150,sleep,1,False
calibration_minutes,20260818_0151,sleep,1,False
calibration_minutes,20260818_0152,sleep,1,False
calibration_minutes,20260818_0153,sleep,1,False
calibration_minutes,20260818_0154,sleep,1,False
calibration_minutes,20260818_0155,sleep,1,False
calibration_minutes,20260818_0156,sleep,1,False
calibration_minutes,20260818_0157,sleep,1,False
calibration_minutes,20260818_0158,sleep,1,False
calibration_minutes,20260818_0159,sleep,1,False
calibration_minutes,20260818_0200,sleep,1,False
calibration_minutes,20260818_0201,sleep,1,False
calibration_minutes,20260818_0202,sleep,1,False
calibration_minutes,20260818_0203,sleep,1,False
calibration_minutes,20260818_0204,sleep,1,False
calibration_minutes,20260818_0205,sleep,1,False
calibration_minutes,20260818_0206,sleep,1,False
calibration_minutes,20260818_0207,sleep,1,False
calibration_minutes,20260818_0208,sleep,1,False
calibration_minutes,20260818_0209,sleep,1,False
calibration_minutes,20260818_0210,sleep,1,False
calibration_minutes,20260818_0211,sleep,1,False
calibration_minutes,20260818_0212,sleep,1,False
calibration_minutes,20260818_0213,sleep,1,False
calibration_minutes,20260818_0214,sleep,1,False
calibration_minutes,20260818_0215,sleep,1,False
calibration_minutes,20260818_0216,sleep,1,False
calibration_minutes,20260818_0217,sleep,1,False
calibration_minutes,20260818_0218,sleep,1,False
calibration_minutes,20260818_0219,sleep,1,False
calibration_minutes,20260818_0220,sleep,1,False
calibration_minutes,20260818_0221,sleep,1,False
calibration_minutes,20260818_0222,sleep,1,False
calibration_minutes,20260818_0223,sleep,1,False
calibration_minutes,20260818_0224,sleep,1,False
calibration_minutes,20260818_0225,sleep,1,False
calibration_minutes,20260818_0226,sleep,1,False
calibration_minutes,20260818_0227,sleep,1,False
calibration_minutes,20260818_0228,sleep,1,False
calibration_minutes,20260818_0229,sleep,1,False
calibration_minutes,20260818_0230,sleep,1,False
calibration_minutes,20260818_0231,sleep,1,False
calibration_minutes,20260818_0232,sleep,1,False
calibration_minutes,20260818_0233,sleep,1,False
calibration_minutes,20260818_0234,sleep,1,False
calibration_minutes,20260818_0235,sleep,1,False
calibration_minutes,20260818_0236,sleep,1,False
calibration_minutes,20260818_0237,sleep,1,False
calibration_minutes,20260818_0238,sleep,1,False
calibration_minutes,20260818_0239,sleep,1,False
calibration_minutes,20260818_0240,sleep,1,False
calibration_minutes,20260818_0241,sleep,1,False
calibration_minutes,20260818_0242,sleep,1,False
calibration_minutes,20260818_0243,sleep,1,False
calibration_minutes,20260818_0244,sleep,1,False
calibration_minutes,20260818_0245,sleep,1,False
calibration_minutes,20260818_0246,sleep,1,False
calibration_minutes,20260818_0247,sleep,1,False
calibration_minutes,20260818_0248,sleep,1,False
calibration_minutes,20260818_0249,sleep,1,False
calibration_minutes,20260818_0250,sleep,1,False
calibration_minutes,20260818_0251,sleep,1,False
calibration_minutes,20260818_0252,sleep,1,False
calibration_minutes,20260818_0253,sleep,1,False
calibration_minutes,20260818_0254,sleep,1,False
calibration_minutes,20260818_0255,sleep,1,False
calibration_minutes,20260818_0256,sleep,1,False
calibration_minutes,20260818_0257,sleep,1,False
calibration_minutes,20260818_0258,sleep,1,False
calibration_minutes,20260818_0259,sleep,1,False
calibration_minutes,20260818_0300,sleep,1,False
calibration_minutes,20260818_0301,sleep,1,False
calibration_minutes,20260818_0302,sleep,1,False
calibration_minutes,20260818_0303,sleep,1,False
calibration_minutes,20260818_0304,sleep,1,False
calibration_minutes,20260818_0305,sleep,1,False
calibration_minutes,20260818_0306,sleep,1,False
calibration_minutes,20260818_0307,sleep,1,False
calibration_minutes,20260818_0308,sleep,1,False
calibration_minutes,20260818_0309,sleep,1,False
calibration_minutes,20260818_0310,sleep,1,False
calibration_minutes,20260818_0311,sleep,1,False
calibration_minutes,20260818_0312,sleep,1,False
calibration_minutes,20260818_0313,sleep,1,False
calibration_minutes,20260818_0314,sleep,1,False
calibration_minutes,20260818_0315,sleep,1,False
calibration_minutes,20260818_0316,sleep,1,False
calibration_minutes,20260818_0317,sleep,1,False
calibration_minutes,20260818_0318,sleep,1,False
calibration_minutes,20260818_0319,sleep,1,False
calibration_minutes,20260818_0320,sleep,1,False
calibration_minutes,20260818_0321,sleep,1,False
calibration_minutes,20260818_0322,sleep,1,False
calibration_minutes,20260818_0323,sleep,1,False
calibration_minutes,20260818_0324,sleep,1,False
calibration_minutes,20260818_0325,sleep,1,False
calibration_minutes,20260818_0326,sleep,1,False
calibration_minutes,20260818_0327,sleep,1,False
calibration_minutes,20260818_0328,sleep,1,False
calibration_minutes,20260818_0329,sleep,1,False
calibration_minutes,20260818_0330,sleep,1,False
calibration_minutes,20260818_0331,sleep,1,False
calibration_minutes,20260818_0332,sleep,1,False
calibration_minutes,20260818_0333,sleep,1,False
calibration_minutes,20260818_0334,sleep,1,False
calibration_minutes,20260818_0335,sleep,1,False
calibration_minutes,20260818_0336,sleep,1,False
calibration_minutes,20260818_0337,sleep,1,False
calibration_minutes,20260818_0338,sleep,1,False
calibration_minutes,20260818_0339,sleep,1,False
calibration_minutes,20260818_0340,sleep,1,False
calibration_minutes,20260818_0341,sleep,1,False
calibration_minutes,20260818_0342,sleep,1,False
calibration_minutes,20260818_0343,sleep,1,False
calibration_minutes,20260818_0344,sleep,1,False
calibration_minutes,20260818_0345,sleep,1,False
calibration_minutes,20260818_0346,sleep,1,False
calibration_minutes,20260818_0347,sleep,1,False
calibration_minutes,20260818_0348,sleep,1,False
calibration_minutes,20260818_0349,sleep,1,False
calibration_minutes,20260818_0350,sleep,1,False
calibration_minutes,20260818_0351,sleep,1,False
calibration_minutes,20260818_0352,sleep,1,False
calibration_minutes,20260818_0353,sleep,1,False
calibration_minutes,20260818_0354,sleep,1,False
calibration_minutes,20260818_0355,sleep,1,False
calibration_minutes,20260818_0356,sleep,1,False
calibration_minutes,20260818_0358,sleep,1,False
calibration_minutes,20260818_0359,sleep,1,False
calibration_minutes,20260818_0400,sleep,1,False
calibration_minutes,20260818_0401,sleep,1,False
calibration_minutes,20260818_0402,sleep,1,False
calibration_minutes,20260818_0403,sleep,1,False
calibration_minutes,20260818_0404,sleep,1,False
calibration_minutes,20260818_0405,sleep,1,False
calibration_minutes,20260818_0406,sleep,1,False
calibration_minutes,20260818_0407,sleep,1,False
calibration_minutes,20260818_0408,sleep,1,False
calibration_minutes,20260818_0409,sleep,1,False
calibration_minutes,20260818_0410,sleep,1,False
calibration_minutes,20260818_0411,sleep,1,False
calibration_minutes,20260818_0412,sleep,1,False
calibration_minutes,20260818_0413,sleep,1,False
calibration_minutes,20260818_0414,sleep,1,False
calibration_minutes,20260818_0415,sleep,1,False
calibration_minutes,20260818_0416,sleep,1,False
calibration_minutes,20260818_0417,sleep,1,False
calibration_minutes,20260818_0418,sleep,1,False
calibration_minutes,20260818_0419,sleep,1,False
calibration_minutes,20260818_0420,sleep,1,False
calibration_minutes,20260818_0421,sleep,1,False
calibration_minutes,20260818_0422,sleep,1,False
calibration_minutes,20260818_0423,sleep,1,False
calibration_minutes,20260818_0424,sleep,1,False
calibration_minutes,20260818_0425,sleep,1,False
calibration_minutes,20260818_0426,sleep,1,False
calibration_minutes,20260818_0427,sleep,1,False
calibration_minutes,20260818_0428,sleep,1,False
calibration_minutes,20260818_0429,sleep,1,False
calibration_minutes,20260818_0430,sleep,1,False
calibration_minutes,20260818_0431,sleep,1,False
calibration_minutes,20260818_0432,sleep,1,False
calibration_minutes,20260818_0433,sleep,1,False
calibration_minutes,20260818_0434,sleep,1,False
calibration_minutes,20260818_0435,sleep,1,False
calibration_minutes,20260818_0436,sleep,1,False
calibration_minutes,20260818_0437,sleep,1,False
calibration_minutes,20260818_0438,sleep,1,False
calibration_minutes,20260818_0439,sleep,1,False
calibration_minutes,20260818_0441,sleep,1,False
calibration_minutes,20260818_0442,sleep,1,False
calibration_minutes,20260818_0443,sleep,1,False
calibration_minutes,20260818_0444,sleep,1,False
calibration_minutes,20260818_0445,sleep,1,False
calibration_minutes,20260818_0446,sleep,1,False
calibration_minutes,20260818_0447,sleep,1,False
calibration_minutes,20260818_0448,sleep,1,False
calibration_minutes,20260818_0450,sleep,1,False
calibration_minutes,20260818_0451,sleep,1,False
calibration_minutes,20260818_0452,sleep,1,False
calibration_minutes,20260818_0453,sleep,1,False
calibration_minutes,20260818_0454,sleep,1,False
calibration_minutes,20260818_0455,sleep,1,False
calibration_minutes,20260818_0456,sleep,1,False
calibration_minutes,20260818_0457,sleep,1,False
calibration_minutes,20260818_0458,sleep,1,False
calibration_minutes,20260818_0459,sleep,1,False
calibration_minutes,20260818_0500,sleep,1,False
calibration_minutes,20260818_0501,sleep,1,False
calibration_minutes,20260818_0502,sleep,1,False
calibration_minutes,20260818_0503,sleep,1,False
calibration_minutes,20260818_0504,sleep,1,False
calibration_minutes,20260818_0505,sleep,1,False
calibration_minutes,20260818_0506,sleep,1,False
calibration_minutes,20260818_0507,sleep,1,False
calibration_minutes,20260818_0508,sleep,1,False
calibration_minutes,20260818_0509,sleep,1,False
calibration_minutes,20260818_0510,sleep,1,False
calibration_minutes,20260818_0511,sleep,1,False
calibration_minutes,20260818_0512,sleep,1,False
calibration_minutes,20260818_0513,sleep,1,False
calibration_minutes,20260818_0514,sleep,1,False
calibration_minutes,20260818_0515,sleep,1,False
calibration_minutes,20260818_0516,sleep,1,False
calibration_minutes,20260818_0517,sleep,1,False
calibration_minutes,20260818_0518,sleep,1,False
calibration_minutes,20260818_0519,sleep,1,False
calibration_minutes,20260818_0520,sleep,1,False
calibration_minutes,20260818_0521,sleep,1,False
calibration_minutes,20260818_0522,sleep,1,False
calibration_minutes,20260818_0523,sleep,1,False
calibration_minutes,20260818_0524,sleep,1,False
calibration_minutes,20260818_0525,sleep,1,False
calibration_minutes,20260818_0526,sleep,1,False
calibration_minutes,20260818_0527,sleep,1,False
calibration_minutes,20260818_0528,sleep,1,False
calibration_minutes,20260818_0529,sleep,1,False
calibration_minutes,20260818_0530,sleep,1,False
calibration_minutes,20260818_0531,sleep,1,False
calibration_minutes,20260818_0532,sleep,1,False
calibration_minutes,20260818_0533,sleep,1,False
calibration_minutes,20260818_0534,sleep,1,False
calibration_minutes,20260818_0535,sleep,1,False
calibration_minutes,20260818_0536,sleep,1,False
calibration_minutes,20260818_0537,sleep,1,False
calibration_minutes,20260818_0538,sleep,1,False
calibration_minutes,20260818_0539,sleep,1,False
calibration_minutes,20260818_0540,sleep,1,False
calibration_minutes,20260818_0541,sleep,1,False
calibration_minutes,20260818_0542,sleep,1,False
calibration_minutes,20260818_0543,sleep,1,False
calibration_minutes,20260818_0544,sleep,1,False
calibration_minutes,20260818_0545,sleep,1,False
calibration_minutes,20260818_0546,sleep,1,False
calibration_minutes,20260818_0547,sleep,1,False
calibration_minutes,20260818_0548,sleep,1,False
calibration_minutes,20260818_0549,sleep,1,False
calibration_minutes,20260818_0550,sleep,1,False
calibration_minutes,20260818_0551,sleep,1,False
calibration_minutes,20260818_0552,sleep,1,False
calibration_minutes,20260818_0553,sleep,1,False
calibration_minutes,20260818_0554,sleep,1,False
calibration_minutes,20260818_0555,sleep,1,False
calibration_minutes,20260818_0556,sleep,1,False
calibration_minutes,20260818_0557,sleep,1,False
calibration_minutes,20260818_0558,sleep,1,False
calibration_minutes,20260818_0559,sleep,1,False
calibration_minutes,20260818_0600,sleep,1,False
calibration_minutes,20260818_0601,sleep,1,False
calibration_minutes,20260818_0602,sleep,1,False
calibration_minutes,20260818_0603,sleep,1,False
calibration_minutes,20260818_0604,sleep,1,False
calibration_minutes,20260818_0605,sleep,1,False
calibration_minutes,20260818_0606,sleep,1,False
calibration_minutes,20260818_0607,sleep,1,False
calibration_minutes,20260818_0608,sleep,1,False
calibration_minutes,20260818_0609,sleep,1,False
calibration_minutes,20260818_0610,sleep,1,False
calibration_minutes,20260818_0611,sleep,1,False
calibration_minutes,20260818_0612,sleep,1,False
calibration_minutes,20260818_0613,sleep,1,False
calibration_minutes,20260818_0614,sleep,1,False
calibration_minutes,20260818_0615,sleep,1,False
calibration_minutes,20260818_0616,sleep,1,False
calibration_minutes,20260818_0617,sleep,1,False
calibration_minutes,20260818_0618,sleep,1,False
calibration_minutes,20260818_0619,sleep,1,False
calibration_minutes,20260818_0620,sleep,1,False
calibration_minutes,20260818_0621,sleep,1,False
calibration_minutes,20260818_0622,sleep,1,False
calibration_minutes,20260818_0623,sleep,1,False
calibration_minutes,20260818_0624,sleep,1,False
calibration_minutes,20260818_0625,sleep,1,False
calibration_minutes,20260818_0626,sleep,1,False
calibration_minutes,20260818_0627,sleep,1,False
calibration_minutes,20260818_0628,sleep,1,False
calibration_minutes,20260818_0629,sleep,1,False
calibration_minutes,20260818_0630,sleep,1,False
calibration_minutes,20260818_0631,sleep,1,False
calibration_minutes,20260818_0632,sleep,1,False
calibration_minutes,20260818_0633,sleep,1,False
calibration_minutes,20260818_0635,sleep,1,False
calibration_minutes,20260818_0636,sleep,1,False
calibration_minutes,20260818_0637,sleep,1,False
calibration_minutes,20260818_0638,sleep,1,False
calibration_minutes,20260818_0639,sleep,1,False
calibration_minutes,20260818_0640,sleep,1,False
calibration_minutes,20260818_0641,sleep,1,False
calibration_minutes,20260818_0642,sleep,1,False
calibration_minutes,20260818_0643,sleep,1,False
calibration_minutes,20260818_0644,sleep,1,False
calibration_minutes,20260818_0645,sleep,1,False
calibration_minutes,20260818_0646,sleep,1,False
calibration_minutes,20260818_0647,sleep,1,False
calibration_minutes,20260818_0648,sleep,1,False
calibration_minutes,20260818_0649,sleep,1,False
calibration_minutes,20260818_0650,sleep,1,False
calibration_minutes,20260818_0651,sleep,1,False
calibration_minutes,20260818_0653,sleep,1,False
calibration_minutes,20260818_0654,sleep,1,False
calibration_minutes,20260818_0655,sleep,1,False
calibration_minutes,20260818_0656,sleep,1,False
calibration_minutes,20260818_0657,sleep,1,False
calibration_minutes,20260818_0658,sleep,1,False
calibration_minutes,20260818_0659,sleep,1,False
calibration_minutes,20260818_0700,sleep,1,False
calibration_minutes,20260818_0702,sleep,1,False
calibration_minutes,20260818_0703,sleep,1,False
calibration_minutes,20260818_0704,sleep,1,False
calibration_minutes,20260818_0705,sleep,1,False
calibration_minutes,20260818_0706,sleep,1,False
calibration_minutes,20260818_0707,sleep,1,False
calibration_minutes,20260818_0708,sleep,1,False
calibration_minutes,20260818_0709,sleep,1,False
calibration_minutes,20260818_0710,sleep,1,False
calibration_minutes,20260818_0712,sleep,1,False
calibration_minutes,20260818_0713,sleep,1,False
calibration_minutes,20260818_0714,sleep,1,False
calibration_minutes,20260818_0715,sleep,1,False
calibration_minutes,20260818_0716,sleep,1,False
calibration_minutes,20260818_0717,sleep,1,False
calibration_minutes,20260818_0718,sleep,1,False
calibration_minutes,20260818_0719,sleep,1,False
calibration_minutes,20260818_0720,sleep,1,False
calibration_minutes,20260818_0721,sleep,1,False
calibration_minutes,20260818_0722,sleep,1,False
calibration_minutes,20260818_0723,sleep,1,False
calibration_minutes,20260818_0724,sleep,1,False
calibration_minutes,20260818_0725,sleep,1,False
calibration_minutes,20260818_0726,sleep,1,False
calibration_minutes,20260818_0727,sleep,1,False
calibration_minutes,20260818_0728,sleep,1,False
calibration_minutes,20260818_0729,sleep,1,False
calibration_minutes,20260818_0730,sleep,1,False
calibration_minutes,20260818_0731,sleep,1,False
calibration_minutes,20260818_0732,sleep,1,False
calibration_minutes,20260818_0733,sleep,1,False
calibration_minutes,20260818_0734,sleep,1,False
calibration_minutes,20260818_0735,sleep,1,False
calibration_minutes,20260818_0736,sleep,1,False
calibration_minutes,20260818_0737,sleep,1,False
calibration_minutes,20260818_0738,sleep,1,False
calibration_minutes,20260818_0739,sleep,1,False
calibration_minutes,20260818_0740,sleep,1,False
calibration_minutes,20260818_0741,sleep,1,False
calibration_minutes,20260818_0742,sleep,1,False
calibration_minutes,20260818_0743,sleep,1,False
calibration_minutes,20260818_0744,sleep,1,False
calibration_minutes,20260818_0745,sleep,1,False
calibration_minutes,20260818_0746,sleep,1,False
calibration_minutes,20260818_0747,sleep,1,False
calibration_minutes,20260818_0748,sleep,1,False
calibration_minutes,20260818_0749,sleep,1,False
calibration_minutes,20260818_0750,sleep,1,False
calibration_minutes,20260818_0751,sleep,1,False
calibration_minutes,20260818_0752,sleep,1,False
calibration_minutes,20260818_0753,sleep,1,False
calibration_minutes,20260818_0754,sleep,1,False
calibration_minutes,20260818_0755,sleep,1,False
calibration_minutes,20260818_0756,sleep,1,False
calibration_minutes,20260818_0757,sleep,1,False
calibration_minutes,20260818_0758,sleep,1,False
calibration_minutes,20260818_0759,sleep,1,False
calibration_minutes,20260818_0800,sleep,1,False
calibration_minutes,20260818_0801,sleep,1,False
calibration_minutes,20260818_0802,sleep,1,False
calibration_minutes,20260818_0803,sleep,1,False
calibration_minutes,20260818_0804,sleep,1,False
calibration_minutes,20260818_0805,sleep,1,False
calibration_minutes,20260818_0806,sleep,1,False
calibration_minutes,20260818_0807,sleep,1,False
calibration_minutes,20260818_0808,sleep,1,False
calibration_minutes,20260818_0809,sleep,1,False
calibration_minutes,20260818_0810,sleep,1,False
calibration_minutes,20260818_0811,sleep,1,False
calibration_minutes,20260818_0812,sleep,1,False
calibration_minutes,20260818_0813,sleep,1,False
calibration_minutes,20260818_0814,sleep,1,False
calibration_minutes,20260818_0815,sleep,1,False
calibration_minutes,20260818_0816,sleep,1,False
calibration_minutes,20260818_0817,sleep,1,False
calibration_minutes,20260818_0818,sleep,1,False
calibration_minutes,20260818_0819,sleep,1,False
calibration_minutes,20260818_0820,sleep,1,False
calibration_minutes,20260818_0821,sleep,1,False
calibration_minutes,20260818_0822,sleep,1,False
calibration_minutes,20260818_0823,sleep,1,False
calibration_minutes,20260818_0824,sleep,1,False
calibration_minutes,20260818_0825,sleep,1,False
calibration_minutes,20260818_0827,sleep,1,False
calibration_minutes,20260818_0828,sleep,1,False
calibration_minutes,20260818_0829,sleep,1,False
calibration_minutes,20260818_0830,sleep,1,False
calibration_minutes,20260818_0831,sleep,1,False
calibration_minutes,20260818_0832,sleep,1,False
calibration_minutes,20260818_0833,sleep,1,False
calibration_minutes,20260818_0834,sleep,1,False
calibration_minutes,20260818_0835,sleep,1,False
calibration_minutes,20260818_0836,sleep,1,False
calibration_minutes,20260818_0837,sleep,1,False
calibration_minutes,20260818_0838,sleep,1,False
calibration_minutes,20260818_0839,sleep,1,False
calibration_minutes,20260818_0840,sleep,1,False
calibration_minutes,20260818_0841,sleep,1,False
calibration_minutes,20260818_0842,sleep,1,False
calibration_minutes,20260818_0843,sleep,1,False
calibration_minutes,20260818_0844,sleep,1,False
calibration_minutes,20260818_0845,sleep,1,False
calibration_minutes,20260818_0846,sleep,1,False
calibration_minutes,20260818_0847,sleep,1,False
calibration_minutes,20260818_0848,sleep,1,False
calibration_minutes,20260818_0849,sleep,1,False
calibration_minutes,20260818_0850,sleep,1,False
calibration_minutes,20260818_0851,sleep,1,False
calibration_minutes,20260818_0852,sleep,1,False
calibration_minutes,20260818_0853,sleep,1,False
calibration_minutes,20260818_0854,sleep,1,False
calibration_minutes,20260818_0855,sleep,1,False
calibration_minutes,20260818_0856,sleep,1,False
calibration_minutes,20260818_0857,sleep,1,False
calibration_minutes,20260818_0858,sleep,1,False
calibration_minutes,20260818_0859,sleep,1,False
calibration_minutes,20260818_0900,sleep,1,False
calibration_minutes,20260818_0901,sleep,1,False
calibration_minutes,20260818_0902,sleep,1,False
calibration_minutes,20260818_0903,sleep,1,False
calibration_minutes,20260818_0904,sleep,1,False
calibration_minutes,20260818_0905,sleep,1,False
calibration_minutes,20260818_0906,sleep,1,False
calibration_minutes,20260818_0907,sleep,1,False
calibration_minutes,20260818_0908,sleep,1,False
calibration_minutes,20260818_0909,sleep,1,False
calibration_minutes,20260818_0910,sleep,1,False
calibration_minutes,20260818_0911,sleep,1,False
calibration_minutes,20260818_0912,sleep,1,False
calibration_minutes,20260818_0913,sleep,1,False
calibration_minutes,20260818_0914,sleep,1,False
calibration_minutes,20260818_0915,sleep,1,False
calibration_minutes,20260818_0916,sleep,1,False
calibration_minutes,20260818_0917,sleep,1,False
calibration_minutes,20260818_0918,sleep,1,False
calibration_minutes,20260818_0919,sleep,1,False
calibration_minutes,20260818_0920,sleep,1,False
calibration_minutes,20260818_0921,sleep,1,False
calibration_minutes,20260818_0922,sleep,1,False
calibration_minutes,20260818_0923,sleep,1,False
calibration_minutes,20260818_0924,sleep,1,False
calibration_minutes,20260818_0925,sleep,1,False
calibration_minutes,20260818_0926,sleep,1,False
calibration_minutes,20260818_0927,sleep,1,False
calibration_minutes,20260818_0928,sleep,1,False
calibration_minutes,20260818_0929,sleep,1,False
calibration_minutes,20260818_0930,sleep,1,False
calibration_minutes,20260818_0931,sleep,1,False
calibration_minutes,20260818_0932,sleep,1,False
calibration_minutes,20260818_0933,sleep,1,False
calibration_minutes,20260818_0934,sleep,1,False
calibration_minutes,20260818_0935,sleep,1,False
calibration_minutes,20260818_0936,sleep,1,False
calibration_minutes,20260818_0937,sleep,1,False
calibration_minutes,20260818_0938,sleep,1,False
calibration_minutes,20260818_0939,sleep,1,False
calibration_minutes,20260818_0940,sleep,1,False
calibration_minutes,20260818_0941,sleep,1,False
calibration_minutes,20260818_0942,sleep,1,False
calibration_minutes,20260818_0943,sleep,1,False
calibration_minutes,20260818_0944,sleep,1,False
calibration_minutes,20260818_0945,sleep,1,False
calibration_minutes,20260818_0946,sleep,1,False
calibration_minutes,20260818_0947,sleep,1,False
calibration_minutes,20260818_0948,sleep,1,False
calibration_minutes,20260818_0949,sleep,1,False
calibration_minutes,20260818_0950,sleep,1,False
calibration_minutes,20260818_0951,sleep,1,False
calibration_minutes,20260818_0952,sleep,1,False
calibration_minutes,20260818_0953,sleep,1,False
calibration_minutes,20260818_0954,sleep,1,False
calibration_minutes,20260818_0955,sleep,1,False
calibration_minutes,20260818_0956,sleep,1,False
calibration_minutes,20260818_0957,sleep,1,False
calibration_minutes,20260818_0958,sleep,1,False
calibration_minutes,20260818_0959,sleep,1,False
calibration_minutes,20260818_1000,sleep,1,False
calibration_minutes,20260818_1001,sleep,1,False
calibration_minutes,20260818_1002,sleep,1,False
calibration_minutes,20260818_1003,sleep,1,False
calibration_minutes,20260818_1004,sleep,1,False
calibration_minutes,20260818_1005,sleep,1,False
calibration_minutes,20260818_1006,sleep,1,False
calibration_minutes,20260818_1007,sleep,1,False
calibration_minutes,20260818_1008,sleep,1,False
calibration_minutes,20260818_1009,sleep,1,False
calibration_minutes,20260818_1010,sleep,1,False
calibration_minutes,20260818_1011,sleep,1,False
calibration_minutes,20260818_1012,sleep,1,False
calibration_minutes,20260818_1013,sleep,1,False
calibration_minutes,20260818_1014,sleep,1,False
calibration_minutes,20260818_1015,sleep,1,False
calibration_minutes,20260818_1016,sleep,1,False
calibration_minutes,20260818_1017,sleep,1,False
calibration_minutes,20260818_1018,sleep,1,False
calibration_minutes,20260818_1019,sleep,1,False
calibration_minutes,20260818_1020,sleep,1,False
calibration_minutes,20260818_1021,sleep,1,False
calibration_minutes,20260818_1022,sleep,1,False
calibration_minutes,20260818_1023,sleep,1,False
calibration_minutes,20260818_1024,sleep,1,False
calibration_minutes,20260818_1025,sleep,1,False
calibration_minutes,20260818_1026,sleep,1,False
calibration_minutes,20260818_1027,sleep,1,False
calibration_minutes,20260818_1028,sleep,1,False
calibration_minutes,20260818_1029,sleep,1,False
calibration_minutes,20260818_1030,sleep,1,False
calibration_minutes,20260818_1031,sleep,1,False
calibration_minutes,20260818_1032,sleep,1,False
calibration_minutes,20260818_1033,sleep,1,False
calibration_minutes,20260818_1034,sleep,1,False
calibration_minutes,20260818_1035,sleep,1,False
calibration_minutes,20260818_1036,sleep,1,False
calibration_minutes,20260818_1037,sleep,1,False
calibration_minutes,20260818_1038,sleep,1,False
calibration_minutes,20260818_1039,sleep,1,False
calibration_minutes,20260818_1040,sleep,1,False
calibration_minutes,20260818_1041,sleep,1,False
calibration_minutes,20260818_1042,sleep,1,False
calibration_minutes,20260818_1043,sleep,1,False
calibration_minutes,20260818_1044,sleep,1,False
calibration_minutes,20260818_1045,sleep,1,False
calibration_minutes,20260818_1046,sleep,1,False
calibration_minutes,20260818_1047,sleep,1,False
calibration_minutes,20260818_1048,sleep,1,False
calibration_minutes,20260818_1049,sleep,1,False
calibration_minutes,20260818_1050,sleep,1,False
calibration_minutes,20260818_1051,sleep,1,False
calibration_minutes,20260818_1052,sleep,1,False
calibration_minutes,20260818_1053,sleep,1,False
train,20260906_1804,empty,0,True
train,20260906_1805,empty,0,True
train,20260906_1806,empty,0,True
train,20260906_1807,empty,0,True
train,20260906_1808,empty,0,True
train,20260906_1809,empty,0,True
train,20260906_1810,empty,0,True
train,20260906_1811,empty,0,True
train,20260906_1812,empty,0,True
train,20260906_1813,empty,0,True
train,20260906_1814,empty,0,True
train,20260906_1815,empty,0,True
train,20260906_1816,empty,0,True
train,20260906_1818,empty,0,True
train,20260906_1819,empty,0,True
train,20260906_1820,empty,0,True
train,20260906_1821,empty,0,True
train,20260906_1822,empty,0,True
train,20260906_1823,empty,0,True
train,20260906_1824,empty,0,False
train,20260906_1825,empty,0,True
train,20260906_1826,empty,0,True
train,20260906_1827,empty,0,True
train,20260906_1828,empty,0,True
train,20260906_1829,empty,0,True
train,20260906_1830,empty,0,True
train,20260906_1831,empty,0,True
train,20260906_1832,empty,0,True
train,20260906_1833,empty,0,True
train,20260906_1834,empty,0,True
train,20260906_1835,empty,0,True
train,20260906_1837,empty,0,True
train,20260906_1838,empty,0,True
train,20260906_1839,empty,0,True
train,20260906_1840,empty,0,True
train,20260906_1841,empty,0,True
train,20260906_1842,empty,0,False
train,20260906_1843,empty,0,True
train,20260906_1844,empty,0,True
train,20260906_1845,empty,0,True
train,20260906_1846,empty,0,True
train,20260906_1849,empty,0,True
train,20260906_1850,empty,0,True
train,20260906_1851,empty,0,True
train,20260906_1852,empty,0,True
train,20260906_1854,empty,0,True
train,20260906_1856,empty,0,True
train,20260906_1857,empty,0,True
train,20260906_1858,empty,0,True
train,20260906_1900,empty,0,True
train,20260906_1901,empty,0,True
train,20260906_1902,empty,0,True
train,20260906_1903,empty,0,True
train,20260906_1904,empty,0,True
train,20260906_1905,empty,0,True
train,20260906_1910,present,1,True
train,20260906_1911,present,1,True
train,20260906_1912,present,1,True
train,20260906_1920,empty,0,True
train,20260906_1921,empty,0,True
train,20260906_1922,empty,0,True
train,20260906_1923,empty,0,True
train,20260906_1924,empty,0,True
train,20260906_1925,empty,0,True
train,20260906_1926,empty,0,True
train,20260906_1927,empty,0,True
train,20260906_1928,empty,0,True
train,20260906_1930,empty,0,True
train,20260906_1933,empty,0,True
train,20260906_1934,empty,0,True
train,20260906_1935,empty,0,True
train,20260906_1937,empty,0,True
train,20260906_1938,empty,0,True
train,20260906_1939,empty,0,True
train,20260906_1945,sleep,1,True
train,20260906_1946,sleep,1,True
train,20260906_1947,sleep,1,True
train,20260906_1948,sleep,1,True
train,20260906_1949,sleep,1,True
train,20260906_1950,sleep,1,True
train,20260906_1951,sleep,1,True
train,20260906_1953,sleep,1,True
train,20260906_1954,sleep,1,True
train,20260906_1955,sleep,1,True
train,20260906_1956,sleep,1,True
train,20260906_1957,sleep,1,True
train,20260906_1958,sleep,1,True
train,20260906_1959,sleep,1,True
train,20260906_2000,sleep,1,True
train,20260906_2001,sleep,1,True
train,20260906_2103,empty,0,True
train,20260906_2104,empty,0,True
train,20260906_2105,empty,0,True
train,20260906_2106,empty,0,True
train,20260906_2107,empty,0,True
train,20260906_2108,empty,0,True
train,20260906_2109,empty,0,True
train,20260906_2110,empty,0,True
train,20260906_2111,empty,0,True
train,20260906_2112,empty,0,True
train,20260906_2113,empty,0,True
train,20260906_2114,empty,0,True
train,20260906_2115,empty,0,True
train,20260906_2116,empty,0,True
train,20260906_2117,empty,0,True
train,20260906_2118,empty,0,True
train,20260906_2119,empty,0,True
train,20260906_2120,empty,0,True
train,20260906_2121,empty,0,True
train,20260906_2122,empty,0,True
train,20260906_2123,empty,0,True
train,20260906_2124,empty,0,True
train,20260906_2125,empty,0,True
train,20260906_2126,empty,0,True
train,20260906_2127,empty,0,True
train,20260906_2128,empty,0,True
train,20260906_2130,empty,0,True
train,20260906_2132,empty,0,True
train,20260906_2134,empty,0,True
train,20260906_2135,empty,0,True
train,20260906_2136,empty,0,False
train,20260906_2137,empty,0,True
train,20260906_2139,empty,0,True
train,20260906_2140,empty,0,True
train,20260906_2141,empty,0,True
train,20260906_2142,empty,0,True
train,20260906_2143,empty,0,True
train,20260906_2144,empty,0,True
train,20260906_2145,empty,0,True
train,20260906_2146,empty,0,True
train,20260906_2147,empty,0,True
train,20260906_2148,empty,0,True
train,20260906_2149,empty,0,False
train,20260906_2150,empty,0,True
train,20260906_2151,empty,0,True
train,20260906_2152,empty,0,True
train,20260906_2153,empty,0,True
train,20260906_2154,empty,0,True
train,20260906_2155,empty,0,True
train,20260906_2158,empty,0,True
train,20260906_2159,empty,0,True
train,20260906_2200,empty,0,True
train,20260906_2201,empty,0,True
train,20260906_2202,empty,0,True
train,20260906_2203,empty,0,True
train,20260906_2204,empty,0,True
train,20260906_2205,empty,0,True
train,20260906_2206,empty,0,True
train,20260906_2207,empty,0,True
train,20260906_2208,empty,0,True
train,20260906_2209,empty,0,True
train,20260906_2210,empty,0,True
train,20260906_2211,empty,0,True
train,20260906_2212,empty,0,True
train,20260906_2213,empty,0,True
train,20260906_2214,empty,0,True
train,20260906_2215,empty,0,True
train,20260906_2217,empty,0,True
train,20260906_2218,empty,0,True
train,20260906_2219,empty,0,True
train,20260906_2220,empty,0,True
train,20260906_2221,empty,0,True
train,20260906_2222,empty,0,True
train,20260906_2223,empty,0,True
train,20260906_2225,empty,0,True
train,20260906_2226,empty,0,True
train,20260906_2227,empty,0,True
train,20260906_2228,empty,0,True
train,20260906_2230,empty,0,True
train,20260906_2231,empty,0,True
train,20260906_2233,empty,0,True
train,20260906_2234,empty,0,True
train,20260906_2235,empty,0,True
train,20260906_2236,empty,0,True
train,20260906_2237,empty,0,True
train,20260906_2238,empty,0,True
train,20260906_2239,empty,0,True
train,20260906_2240,empty,0,True
train,20260906_2241,empty,0,True
train,20260906_2243,empty,0,True
train,20260906_2244,empty,0,True
train,20260906_2245,empty,0,True
train,20260906_2246,empty,0,True
train,20260906_2247,empty,0,True
train,20260906_2248,empty,0,True
train,20260906_2249,empty,0,True
train,20260906_2250,empty,0,True
train,20260906_2251,empty,0,True
train,20260906_2252,empty,0,True
train,20260906_2253,empty,0,True
train,20260906_2255,empty,0,True
train,20260906_2256,empty,0,True
train,20260906_2257,empty,0,True
train,20260906_2258,empty,0,True
train,20260906_2259,empty,0,True
train,20260906_2300,empty,0,True
train,20260906_2301,empty,0,True
train,20260906_2302,empty,0,True
train,20260906_2303,empty,0,True
train,20260906_2304,empty,0,True
train,20260906_2305,empty,0,True
train,20260906_2306,empty,0,True
train,20260906_2307,empty,0,True
train,20260906_2308,empty,0,True
train,20260906_2309,empty,0,True
train,20260906_2310,empty,0,True
train,20260906_2311,empty,0,True
train,20260906_2317,present,1,True
train,20260906_2318,present,1,True
train,20260906_2321,present,1,True
train,20260906_2322,present,1,True
train,20260906_2324,present,1,True
train,20260906_2325,present,1,True
train,20260906_2326,present,1,True
train,20260906_2327,present,1,True
train,20260906_2328,present,1,True
train,20260906_2329,present,1,False
train,20260906_2330,present,1,True
train,20260906_2331,present,1,True
train,20260906_2332,present,1,True
train,20260906_2333,present,1,True
train,20260906_2335,present,1,True
train,20260906_2336,present,1,True
train,20260906_2337,present,1,True
train,20260906_2338,present,1,True
train,20260906_2339,present,1,True
train,20260906_2340,present,1,True
train,20260907_2247,present,1,True
train,20260907_2248,present,1,True
train,20260907_2249,present,1,True
train,20260907_2250,present,1,True
train,20260907_2251,present,1,True
train,20260907_2253,present,1,True
train,20260907_2254,present,1,True
train,20260907_2255,present,1,True
train,20260907_2257,present,1,True
train,20260907_2258,present,1,True
train,20260907_2259,present,1,True
train,20260907_2300,present,1,True
train,20260907_2301,present,1,False
train,20260907_2302,present,1,True
train,20260907_2303,present,1,True
train,20260907_2304,present,1,True
train,20260907_2305,present,1,True
train,20260907_2307,present,1,True
train,20260908_0029,present,1,True
train,20260908_0030,present,1,True
train,20260908_0031,present,1,True
train,20260908_0032,present,1,True
train,20260908_0033,present,1,True
train,20260908_0034,present,1,True
train,20260908_0035,present,1,True
train,20260908_0036,present,1,True
train,20260908_0038,present,1,True
train,20260908_0039,present,1,True
train,20260908_0040,present,1,True
train,20260908_0041,present,1,True
train,20260908_0042,present,1,True
train,20260908_0043,present,1,True
train,20260908_0045,present,1,True
train,20260908_0046,present,1,True
train,20260908_0047,present,1,True
train,20260908_0049,present,1,True
train,20260908_0050,present,1,True
train,20260908_0051,present,1,True
train,20260908_0052,present,1,True
train,20260908_0053,present,1,True
train,20260908_0054,present,1,True
train,20260908_0055,present,1,True
train,20260908_0056,present,1,True
train,20260908_0058,present,1,True
train,20260908_0059,present,1,True
train,20260908_0100,present,1,True
train,20260908_0101,present,1,True
validation_minutes,20260915_1941,present,1,True
validation_minutes,20260915_1942,present,1,True
validation_minutes,20260915_1943,present,1,True
validation_minutes,20260915_1944,present,1,True
validation_minutes,20260915_1945,present,1,True
validation_minutes,20260915_1946,present,1,True
validation_minutes,20260915_1947,present,1,True
validation_minutes,20260915_1948,present,1,True
validation_minutes,20260915_1949,present,1,True
validation_minutes,20260915_1950,present,1,True
validation_minutes,20260915_1951,present,1,True
validation_minutes,20260915_1952,present,1,True
validation_minutes,20260915_1953,present,1,True
validation_minutes,20260915_1954,present,1,True
validation_minutes,20260915_1955,present,1,True
validation_minutes,20260915_1956,present,1,True
validation_minutes,20260915_1957,present,1,True
validation_minutes,20260915_1958,present,1,True
validation_minutes,20260915_1959,present,1,True
validation_minutes,20260915_2000,present,1,True
validation_minutes,20260915_2001,present,1,True
validation_minutes,20260915_2002,present,1,True
validation_minutes,20260915_2003,present,1,True
validation_minutes,20260915_2004,present,1,True
validation_minutes,20260915_2005,present,1,True
validation_minutes,20260915_2006,present,1,True
validation_minutes,20260915_2007,present,1,True
validation_minutes,20260915_2008,present,1,True
validation_minutes,20260915_2009,present,1,True
validation_minutes,20260915_2010,present,1,True
validation_minutes,20260915_2011,present,1,True
validation_minutes,20260915_2012,present,1,True
validation_minutes,20260915_2013,present,1,True
validation_minutes,20260915_2014,present,1,True
validation_minutes,20260915_2015,present,1,True
validation_minutes,20260915_2016,present,1,True
validation_minutes,20260915_2017,present,1,True
validation_minutes,20260915_2018,present,1,True
validation_minutes,20260915_2019,present,1,True
validation_minutes,20260915_2020,present,1,True
validation_minutes,20260915_2021,present,1,True
validation_minutes,20260915_2022,present,1,True
validation_minutes,20260915_2023,present,1,True
validation_minutes,20260915_2024,present,1,True
validation_minutes,20260915_2025,present,1,True
validation_minutes,20260915_2026,present,1,True
validation_minutes,20260915_2027,present,1,True
validation_minutes,20260915_2028,present,1,True
validation_minutes,20260915_2029,present,1,True
validation_minutes,20260915_2030,present,1,True
validation_minutes,20260915_2031,present,1,True
validation_minutes,20260915_2032,present,1,True
validation_minutes,20260915_2033,present,1,True
validation_minutes,20260915_2034,present,1,True
validation_minutes,20260915_2035,present,1,True
validation_minutes,20260915_2036,present,1,True
validation_minutes,20260915_2037,present,1,True
validation_minutes,20260915_2038,present,1,True
validation_minutes,20260915_2039,present,1,True
validation_minutes,20260915_2040,present,1,True
validation_minutes,20260915_2041,present,1,True
validation_minutes,20260915_2042,present,1,True
validation_minutes,20260915_2043,present,1,True
validation_minutes,20260915_2044,present,1,True
validation_minutes,20260915_2045,present,1,True
validation_minutes,20260915_2046,present,1,True
validation_minutes,20260915_2047,present,1,True
validation_minutes,20260915_2048,present,1,True
validation_minutes,20260915_2049,present,1,True
validation_minutes,20260915_2050,present,1,True
validation_minutes,20260915_2051,present,1,True
validation_minutes,20260915_2052,present,1,True
validation_minutes,20260915_2053,present,1,True
validation_minutes,20260915_2054,present,1,True
validation_minutes,20260915_2055,present,1,True
validation_minutes,20260915_2056,present,1,True
validation_minutes,20260915_2057,present,1,True
validation_minutes,20260915_2058,present,1,True
validation_minutes,20260915_2059,present,1,True
validation_minutes,20260915_2100,present,1,True
validation_minutes,20260915_2117,empty,0,True
validation_minutes,20260915_2118,empty,0,False
validation_minutes,20260915_2119,empty,0,False
validation_minutes,20260915_2120,empty,0,True
validation_minutes,20260915_2121,empty,0,True
validation_minutes,20260915_2122,empty,0,True
validation_minutes,20260915_2123,empty,0,True
validation_minutes,20260915_2124,empty,0,True
validation_minutes,20260915_2125,empty,0,True
validation_minutes,20260915_2126,empty,0,True
validation_minutes,20260915_2127,empty,0,True
validation_minutes,20260915_2128,empty,0,True
validation_minutes,20260915_2129,empty,0,True
validation_minutes,20260915_2130,empty,0,True
validation_minutes,20260915_2131,empty,0,False
validation_minutes,20260915_2132,empty,0,True
validation_minutes,20260915_2133,empty,0,True
validation_minutes,20260915_2134,empty,0,True
validation_minutes,20260915_2135,empty,0,True
validation_minutes,20260915_2136,empty,0,True
validation_minutes,20260915_2137,empty,0,False
validation_minutes,20260915_2138,empty,0,False
validation_minutes,20260915_2139,empty,0,True
validation_minutes,20260915_2140,empty,0,False
validation_minutes,20260915_2141,empty,0,True
validation_minutes,20260915_2142,empty,0,True
validation_minutes,20260915_2143,empty,0,True
validation_minutes,20260915_2144,empty,0,True
validation_minutes,20260915_2145,empty,0,True
validation_minutes,20260915_2146,empty,0,False
validation_minutes,20260915_2147,empty,0,True
validation_minutes,20260915_2148,empty,0,True
validation_minutes,20260915_2149,empty,0,False
validation_minutes,20260915_2150,empty,0,True
validation_minutes,20260915_2151,empty,0,True
validation_minutes,20260915_2152,empty,0,True
validation_minutes,20260915_2153,empty,0,True
validation_minutes,20260915_2154,empty,0,False
validation_minutes,20260915_2155,empty,0,True
validation_minutes,20260915_2156,empty,0,True
validation_minutes,20260915_2157,empty,0,True
validation_minutes,20260915_2158,empty,0,True
validation_minutes,20260915_2159,empty,0,True
validation_minutes,20260915_2200,empty,0,True
validation_minutes,20260915_2201,empty,0,True
validation_minutes,20260915_2202,empty,0,True
validation_minutes,20260915_2203,empty,0,True
validation_minutes,20260915_2204,empty,0,True
validation_minutes,20260915_2205,empty,0,False
validation_minutes,20260915_2206,empty,0,True
validation_minutes,20260915_2207,empty,0,True
validation_minutes,20260915_2208,empty,0,False
validation_minutes,20260915_2209,empty,0,False
validation_minutes,20260915_2210,empty,0,True
validation_minutes,20260915_2211,empty,0,True
validation_minutes,20260915_2212,empty,0,True
validation_minutes,20260915_2213,empty,0,True
validation_minutes,20260915_2214,empty,0,False
validation_minutes,20260915_2215,empty,0,False
validation_minutes,20260915_2216,empty,0,False
validation_minutes,20260915_2217,empty,0,False
validation_minutes,20260915_2218,empty,0,True
validation_minutes,20260915_2219,empty,0,True
validation_minutes,20260915_2220,empty,0,False
validation_minutes,20260915_2221,empty,0,True
validation_minutes,20260915_2222,empty,0,True
validation_minutes,20260915_2223,empty,0,True
validation_minutes,20260915_2224,empty,0,True
validation_minutes,20260915_2225,empty,0,True
validation_minutes,20260915_2226,empty,0,True
validation_minutes,20260915_2227,empty,0,True
validation_minutes,20260915_2228,empty,0,False
validation_minutes,20260915_2229,empty,0,True
validation_minutes,20260915_2230,empty,0,True
validation_minutes,20260915_2231,empty,0,False
validation_minutes,20260915_2232,empty,0,False
validation_minutes,20260915_2233,empty,0,True
validation_minutes,20260915_2234,empty,0,True
validation_minutes,20260915_2235,empty,0,True
validation_minutes,20260915_2236,empty,0,True
validation_minutes,20260915_2237,empty,0,True
validation_minutes,20260915_2238,empty,0,True
validation_minutes,20260915_2239,empty,0,False
validation_minutes,20260915_2240,empty,0,True
validation_minutes,20260915_2241,empty,0,True
validation_minutes,20260915_2242,empty,0,True
validation_minutes,20260915_2243,empty,0,False
validation_minutes,20260915_2244,empty,0,False
validation_minutes,20260915_2245,empty,0,True
validation_minutes,20260915_2246,empty,0,True
validation_minutes,20260915_2247,empty,0,True
validation_minutes,20260915_2248,empty,0,True
validation_minutes,20260915_2249,empty,0,False
validation_minutes,20260915_2250,empty,0,False
validation_minutes,20260915_2251,empty,0,True
validation_minutes,20260915_2252,empty,0,False
validation_minutes,20260915_2253,empty,0,True
validation_minutes,20260915_2254,empty,0,True
validation_minutes,20260915_2255,empty,0,False
validation_minutes,20260915_2256,empty,0,True
validation_minutes,20260915_2257,empty,0,False
validation_minutes,20260915_2258,empty,0,True
validation_minutes,20260915_2259,empty,0,False
validation_minutes,20260915_2300,empty,0,True
validation_minutes,20260915_2301,empty,0,False
validation_minutes,20260915_2302,empty,0,True
validation_minutes,20260915_2303,empty,0,False
validation_minutes,20260915_2304,empty,0,True
validation_minutes,20260915_2305,empty,0,True
validation_minutes,20260915_2306,empty,0,True
validation_minutes,20260915_2307,empty,0,True
validation_minutes,20260915_2308,empty,0,False
test_minutes,20260916_2210,present,1,True
test_minutes,20260916_2211,present,1,False
test_minutes,20260916_2212,present,1,False
test_minutes,20260916_2213,present,1,False
test_minutes,20260916_2214,present,1,True
test_minutes,20260916_2215,present,1,True
test_minutes,20260916_2216,present,1,False
test_minutes,20260916_2217,present,1,True
test_minutes,20260916_2218,present,1,False
test_minutes,20260916_2219,present,1,True
test_minutes,20260916_2220,present,1,True
test_minutes,20260916_2221,present,1,True
test_minutes,20260916_2222,present,1,True
test_minutes,20260916_2223,present,1,False
test_minutes,20260916_2224,present,1,False
test_minutes,20260916_2225,present,1,True
test_minutes,20260916_2226,present,1,True
test_minutes,20260916_2227,present,1,False
test_minutes,20260916_2228,present,1,True
test_minutes,20260916_2229,present,1,True
test_minutes,20260916_2230,present,1,False
test_minutes,20260916_2231,present,1,False
test_minutes,20260916_2232,present,1,True
test_minutes,20260916_2233,present,1,True
test_minutes,20260916_2234,present,1,True
test_minutes,20260916_2238,present,1,True
test_minutes,20260916_2239,present,1,True
test_minutes,20260916_2240,present,1,True
test_minutes,20260916_2241,present,1,True
test_minutes,20260916_2242,present,1,True
test_minutes,20260916_2243,present,1,True
test_minutes,20260916_2244,present,1,True
test_minutes,20260916_2245,present,1,True
test_minutes,20260916_2246,present,1,True
test_minutes,20260916_2247,present,1,True
test_minutes,20260916_2248,present,1,True
test_minutes,20260916_2249,present,1,True
test_minutes,20260916_2250,present,1,False
test_minutes,20260916_2251,present,1,False
test_minutes,20260916_2252,present,1,True
test_minutes,20260916_2253,present,1,True
test_minutes,20260916_2254,present,1,False
test_minutes,20260916_2255,present,1,True
test_minutes,20260916_2256,present,1,True
test_minutes,20260916_2257,present,1,True
test_minutes,20260916_2258,present,1,True
test_minutes,20260916_2259,present,1,False
test_minutes,20260916_2300,present,1,True
test_minutes,20260916_2301,present,1,False
test_minutes,20260916_2302,present,1,True
test_minutes,20260916_2303,present,1,False
test_minutes,20260916_2304,present,1,True
test_minutes,20260916_2305,present,1,False
test_minutes,20260916_2306,present,1,True
test_minutes,20260916_2307,present,1,False
test_minutes,20260916_2308,present,1,True
test_minutes,20260916_2309,present,1,True
test_minutes,20260916_2310,present,1,False
test_minutes,20260916_2311,present,1,False
test_minutes,20260916_2312,present,1,False
test_minutes,20260916_2313,present,1,True
test_minutes,20260916_2314,present,1,False
test_minutes,20260916_2315,present,1,True
test_minutes,20260916_2316,present,1,False
test_minutes,20260916_2317,present,1,True
test_minutes,20260916_2318,present,1,True
test_minutes,20260916_2319,present,1,True
test_minutes,20260916_2320,present,1,True
test_minutes,20260916_2324,present,1,True
test_minutes,20260916_2325,present,1,True
test_minutes,20260916_2326,present,1,True
test_minutes,20260916_2327,present,1,False
test_minutes,20260916_2328,present,1,False
test_minutes,20260916_2329,present,1,True
test_minutes,20260916_2330,present,1,False
test_minutes,20260916_2331,present,1,True
test_minutes,20260916_2332,present,1,True
test_minutes,20260916_2333,present,1,True
test_minutes,20260916_2334,present,1,True
test_minutes,20260916_2335,present,1,False
test_minutes,20260916_2336,present,1,True
test_minutes,20260916_2337,present,1,True
test_minutes,20260916_2338,present,1,True
test_minutes,20260916_2339,present,1,False
test_minutes,20260916_2340,present,1,True
test_minutes,20260916_2341,present,1,True
test_minutes,20260916_2342,present,1,True
test_minutes,20260916_2343,present,1,False
test_minutes,20260916_2345,present,1,False
test_minutes,20260916_2346,present,1,False
test_minutes,20260916_2347,present,1,True
test_minutes,20260916_2349,present,1,False
test_minutes,20260916_2350,present,1,False
test_minutes,20260916_2351,present,1,True
test_minutes,20260916_2352,present,1,True
test_minutes,20260916_2353,present,1,True
test_minutes,20260916_2354,present,1,True
test_minutes,20260916_2355,present,1,True
test_minutes,20260916_2356,present,1,True
test_minutes,20260916_2357,present,1,False
test_minutes,20260916_2358,present,1,False
test_minutes,20260916_2359,present,1,True
test_minutes,20260917_0000,present,1,False
test_minutes,20260917_0001,present,1,False
test_minutes,20260917_0002,present,1,True
test_minutes,20260917_0003,present,1,True
test_minutes,20260917_0004,present,1,False
test_minutes,20260917_0007,present,1,False
test_minutes,20260917_0008,present,1,True
test_minutes,20260917_0009,present,1,True
test_minutes,20260917_0010,present,1,True
test_minutes,20260917_0014,present,1,True
test_minutes,20260917_0015,present,1,True
test_minutes,20260917_0016,present,1,True
test_minutes,20260917_0017,present,1,True
test_minutes,20260917_0018,present,1,True
test_minutes,20260917_0019,present,1,False
test_minutes,20260917_0024,present,1,False
test_minutes,20260917_0025,present,1,True
test_minutes,20260917_0026,present,1,True
test_minutes,20260917_0027,present,1,False
test_minutes,20260917_0028,present,1,False
test_minutes,20260917_0029,present,1,True
test_minutes,20260917_0030,present,1,True
test_minutes,20260917_0031,present,1,False
test_minutes,20260917_0036,present,1,False
test_minutes,20260917_0042,present,1,False
test_minutes,20260917_0043,present,1,True
test_minutes,20260917_0044,present,1,True
test_minutes,20260917_0045,present,1,False
test_minutes,20260917_0046,present,1,False
test_minutes,20260917_0047,present,1,True
test_minutes,20260917_0048,present,1,True
test_minutes,20260917_0049,present,1,False
test_minutes,20260917_0050,present,1,True
test_minutes,20260917_0051,present,1,True
test_minutes,20260917_0053,present,1,True
test_minutes,20260917_0054,present,1,False
test_minutes,20260917_0055,present,1,False
test_minutes,20260917_0056,present,1,False
test_minutes,20260917_0057,present,1,True
test_minutes,20260917_0058,present,1,True
test_minutes,20260917_0059,present,1,True
test_minutes,20260917_0100,present,1,False
test_minutes,20260917_0101,present,1,True
test_minutes,20260917_0102,present,1,False
test_minutes,20260917_0103,present,1,True
test_minutes,20260917_0104,present,1,False
test_minutes,20260917_0105,present,1,True
test_minutes,20260917_0106,present,1,True
test_minutes,20260917_0107,present,1,False
test_minutes,20260917_0108,present,1,True
test_minutes,20260917_0109,present,1,False
test_minutes,20260917_0110,empty,0,True
test_minutes,20260917_0111,empty,0,True
test_minutes,20260917_0112,empty,0,True
test_minutes,20260917_0113,empty,0,True
test_minutes,20260917_0114,empty,0,True
test_minutes,20260917_0115,empty,0,True
test_minutes,20260917_0116,empty,0,True
test_minutes,20260917_0117,empty,0,True
test_minutes,20260917_0118,empty,0,True
test_minutes,20260917_0119,empty,0,True
test_minutes,20260917_0120,empty,0,True
test_minutes,20260917_0121,empty,0,True
test_minutes,20260917_0122,empty,0,True
test_minutes,20260917_0123,empty,0,True
test_minutes,20260917_0124,empty,0,True
test_minutes,20260917_0125,empty,0,True
test_minutes,20260917_0126,empty,0,True
test_minutes,20260917_0127,empty,0,True
test_minutes,20260917_0128,empty,0,True
test_minutes,20260917_0129,empty,0,True
test_minutes,20260917_0130,empty,0,True
test_minutes,20260917_0131,empty,0,True
test_minutes,20260917_0132,empty,0,True
test_minutes,20260917_0133,empty,0,True
test_minutes,20260917_0134,empty,0,True
test_minutes,20260917_0135,empty,0,True
test_minutes,20260917_0136,empty,0,True
test_minutes,20260917_0137,empty,0,True
test_minutes,20260917_0138,empty,0,True
test_minutes,20260917_0139,empty,0,True
test_minutes,20260917_0140,empty,0,True
test_minutes,20260917_0141,empty,0,True
test_minutes,20260917_0142,empty,0,True
test_minutes,20260917_0143,empty,0,True
test_minutes,20260917_0144,empty,0,True
test_minutes,20260917_0145,empty,0,True
test_minutes,20260917_0146,empty,0,True
test_minutes,20260917_0147,empty,0,True
test_minutes,20260917_0148,empty,0,True
test_minutes,20260917_0149,empty,0,True
test_minutes,20260917_0150,empty,0,True
test_minutes,20260917_0151,empty,0,True
test_minutes,20260917_0152,empty,0,True
test_minutes,20260917_0153,empty,0,True
test_minutes,20260917_0154,empty,0,True
test_minutes,20260917_0155,empty,0,True
test_minutes,20260917_0156,empty,0,True
test_minutes,20260917_0157,empty,0,True
test_minutes,20260917_0158,empty,0,True
test_minutes,20260917_0159,empty,0,True
test_minutes,20260917_0200,empty,0,True
test_minutes,20260917_0201,empty,0,True
test_minutes,20260917_0202,empty,0,True
test_minutes,20260917_0203,empty,0,True
test_minutes,20260917_0204,empty,0,True
test_minutes,20260917_0205,empty,0,True
test_minutes,20260917_0206,empty,0,True
test_minutes,20260917_0207,empty,0,True
test_minutes,20260917_0208,empty,0,True
test_minutes,20260917_0209,empty,0,True
test_minutes,20260917_0210,empty,0,True
test_minutes,20260917_0211,empty,0,True
test_minutes,20260917_0212,empty,0,True
test_minutes,20260917_0213,empty,0,True
test_minutes,20260917_0214,empty,0,True
test_minutes,20260917_0215,empty,0,True
test_minutes,20260917_0216,empty,0,True
test_minutes,20260917_0217,empty,0,True
test_minutes,20260917_0218,empty,0,True
test_minutes,20260917_0219,empty,0,True
test_minutes,20260917_0220,empty,0,True
test_minutes,20260917_0221,empty,0,True
test_minutes,20260917_0222,empty,0,True
test_minutes,20260917_0223,empty,0,True
test_minutes,20260917_0224,empty,0,True
test_minutes,20260917_0225,empty,0,True
test_minutes,20260917_0226,empty,0,True
test_minutes,20260917_0227,empty,0,True
test_minutes,20260917_0228,empty,0,True
test_minutes,20260917_0229,empty,0,True
test_minutes,20260917_0230,empty,0,True
test_minutes,20260917_0231,empty,0,True
test_minutes,20260917_0232,empty,0,True
test_minutes,20260917_0233,empty,0,True
test_minutes,20260917_0234,empty,0,True
test_minutes,20260917_0235,empty,0,True
test_minutes,20260917_0236,empty,0,True
test_minutes,20260917_0237,empty,0,True
test_minutes,20260917_0238,empty,0,True
test_minutes,20260917_0239,empty,0,True
test_minutes,20260917_0240,empty,0,True
test_minutes,20260917_0241,empty,0,True
test_minutes,20260917_0242,empty,0,True
test_minutes,20260917_0243,empty,0,True
test_minutes,20260917_0244,empty,0,True
test_minutes,20260917_0245,empty,0,True
