features,model,split,n,empty,occupied,auc,balanced_accuracy,accuracy,f1,threshold,tn,fp,fn,tp
CSI,LR,validation_minutes,160,80,80,0.90078125,0.84375,0.84375,0.8603351955307262,0.47070819790783247,58,22,3,77
CSI,LR,test_minutes,192,96,96,0.7084418402777778,0.6614583333333334,0.6614583333333334,0.6766169154228856,0.47070819790783247,59,37,28,68
CSI,RF,validation_minutes,160,80,80,0.896640625,0.84375,0.84375,0.861878453038674,0.5,57,23,2,78
CSI,RF,test_minutes,192,96,96,0.7166341145833334,0.6614583333333333,0.6614583333333334,0.6798029556650246,0.5,58,38,27,69
SNR,LR,validation_minutes,160,80,80,0.6290625000000001,0.6375,0.6375,0.49122807017543857,0.47435165931259854,74,6,52,28
SNR,LR,test_minutes,192,96,96,0.662109375,0.640625,0.640625,0.5241379310344828,0.47435165931259854,85,11,58,38
SNR,RF,validation_minutes,160,80,80,0.610625,0.6312500000000001,0.63125,0.4778761061946903,0.6456081580715528,74,6,53,27
SNR,RF,test_minutes,192,96,96,0.6506076388888887,0.65625,0.65625,0.5285714285714286,0.6456081580715528,89,7,59,37
RD,LR,validation_minutes,160,80,80,0.63234375,0.6812499999999999,0.68125,0.7357512953367875,1.1505844827411629e-29,38,42,9,71
RD,LR,test_minutes,192,96,96,0.2738715277777778,0.4895833333333333,0.4895833333333333,0.6573426573426573,1.1505844827411629e-29,0,96,2,94
RD,RF,validation_minutes,160,80,80,0.443515625,0.51875,0.51875,0.07228915662650602,0.970726884892713,80,0,77,3
RD,RF,test_minutes,192,96,96,0.6369357638888888,0.53125,0.53125,0.11764705882352941,0.970726884892713,96,0,90,6
RA,LR,validation_minutes,160,80,80,0.57125,0.6,0.6,0.6701030927835051,1.7810508436308961e-12,31,49,15,65
RA,LR,test_minutes,192,96,96,0.22764756944444442,0.34895833333333337,0.3489583333333333,0.5098039215686274,1.7810508436308961e-12,2,94,31,65
RA,RF,validation_minutes,160,80,80,0.50625,0.50625,0.50625,0.024691358024691357,0.7250312187812189,80,0,79,1
RA,RF,test_minutes,192,96,96,0.5154079861111112,0.5,0.5,0.058823529411764705,0.7250312187812189,93,3,93,3
RE,LR,validation_minutes,160,80,80,0.5,0.5,0.5,0.6666666666666666,0.5,0,80,0,80
RE,LR,test_minutes,192,96,96,0.5155164930555556,0.5104166666666667,0.5104166666666666,0.6690140845070423,0.5,3,93,1,95
RE,RF,validation_minutes,160,80,80,0.5,0.5,0.5,0.6666666666666666,0.5,0,80,0,80
RE,RF,test_minutes,192,96,96,0.5152994791666667,0.515625,0.515625,0.6736842105263158,0.5,3,93,0,96
XY,LR,validation_minutes,160,80,80,0.575,0.6000000000000001,0.6,0.6666666666666666,1.6776981143212573e-13,32,48,16,64
XY,LR,test_minutes,192,96,96,0.2173394097222222,0.3645833333333333,0.3645833333333333,0.5307692307692308,1.6776981143212573e-13,1,95,27,69
XY,RF,validation_minutes,160,80,80,0.5,0.5,0.5,0.6666666666666666,0.5,0,80,0,80
XY,RF,test_minutes,192,96,96,0.5153537326388888,0.515625,0.515625,0.6736842105263158,0.5,3,93,0,96
CSI+SNR,LR,validation_minutes,160,80,80,0.885,0.8375,0.8375,0.8555555555555555,0.4073414609463127,57,23,3,77
CSI+SNR,LR,test_minutes,192,96,96,0.722873263888889,0.65625,0.65625,0.6764705882352942,0.4073414609463127,57,39,27,69
CSI+SNR,RF,validation_minutes,160,80,80,0.870390625,0.8187500000000001,0.81875,0.8152866242038217,0.5064624034490275,67,13,16,64
CSI+SNR,RF,test_minutes,192,96,96,0.7426215277777778,0.640625,0.640625,0.6567164179104478,0.5064624034490275,57,39,30,66
CSI+SNR+RD,LR,validation_minutes,160,80,80,0.76484375,0.7625,0.7625,0.8041237113402062,2.7500082027793936e-22,44,36,2,78
CSI+SNR+RD,LR,test_minutes,192,96,96,0.42241753472222215,0.45833333333333337,0.4583333333333333,0.6231884057971014,2.7500082027793936e-22,2,94,10,86
CSI+SNR+RD,RF,validation_minutes,160,80,80,0.87734375,0.83125,0.83125,0.850828729281768,0.5978464288515862,56,24,3,77
CSI+SNR+RD,RF,test_minutes,192,96,96,0.7604166666666666,0.6510416666666666,0.6510416666666666,0.7022222222222222,0.5978464288515862,46,50,17,79
CSI+SNR+RA,LR,validation_minutes,160,80,80,0.6118750000000001,0.6125,0.6125,0.651685393258427,6.599298655401608e-09,40,40,22,58
CSI+SNR+RA,LR,test_minutes,192,96,96,0.2631293402777778,0.359375,0.359375,0.5138339920948617,6.599298655401608e-09,4,92,31,65
CSI+SNR+RA,RF,validation_minutes,160,80,80,0.8924218749999999,0.83125,0.83125,0.8491620111731844,0.700930719435071,57,23,4,76
CSI+SNR+RA,RF,test_minutes,192,96,96,0.7393663194444443,0.6822916666666667,0.6822916666666666,0.6934673366834171,0.700930719435071,62,34,27,69
CSI+SNR+RE,LR,validation_minutes,160,80,80,0.5,0.5,0.5,0.6666666666666666,0.5,0,80,0,80
CSI+SNR+RE,LR,test_minutes,192,96,96,0.5155164930555556,0.5104166666666667,0.5104166666666666,0.6690140845070423,0.5,3,93,1,95
CSI+SNR+RE,RF,validation_minutes,160,80,80,0.886171875,0.8375,0.8375,0.8602150537634409,0.597935865800866,54,26,0,80
CSI+SNR+RE,RF,test_minutes,192,96,96,0.7526041666666666,0.671875,0.671875,0.7014218009478673,0.597935865800866,55,41,22,74
CSI+SNR+XY,LR,validation_minutes,160,80,80,0.60921875,0.6312500000000001,0.63125,0.700507614213198,1.9339330196626114e-10,32,48,11,69
CSI+SNR+XY,LR,test_minutes,192,96,96,0.240234375,0.390625,0.390625,0.5584905660377358,1.9339330196626114e-10,1,95,22,74
CSI+SNR+XY,RF,validation_minutes,160,80,80,0.89609375,0.8374999999999999,0.8375,0.8571428571428571,0.5637570629261804,56,24,2,78
CSI+SNR+XY,RF,test_minutes,192,96,96,0.7390407986111112,0.6666666666666666,0.6666666666666666,0.6952380952380952,0.5637570629261804,55,41,23,73
Radar all,LR,validation_minutes,160,80,80,0.554765625,0.58125,0.58125,0.6564102564102564,0.9999999999999971,29,51,16,64
Radar all,LR,test_minutes,192,96,96,0.3262803819444444,0.4166666666666667,0.4166666666666667,0.5789473684210527,0.9999999999999971,3,93,19,77
Radar all,RF,validation_minutes,160,80,80,0.6085937499999999,0.6125,0.6125,0.4745762711864407,0.6198750000000001,70,10,52,28
Radar all,RF,test_minutes,192,96,96,0.771484375,0.6197916666666666,0.6197916666666666,0.48226950354609927,0.6198750000000001,85,11,62,34
CSI+radar all,LR,validation_minutes,160,80,80,0.58453125,0.58125,0.58125,0.6824644549763034,1.0,21,59,8,72
CSI+radar all,LR,test_minutes,192,96,96,0.4248046875,0.421875,0.421875,0.5842696629213483,1.0,3,93,18,78
CSI+radar all,RF,validation_minutes,160,80,80,0.87703125,0.825,0.825,0.8292682926829268,0.6710181068931071,64,16,12,68
CSI+radar all,RF,test_minutes,192,96,96,0.6961263020833333,0.6614583333333333,0.6614583333333334,0.6524064171122995,0.6710181068931071,66,30,35,61
