feature,auc_dir,cohen_d,mw_p,rf_imp,comb_rank,selected
csi_amp_std,0.8944285778913351,-1.4199814976759328,7.997920198756241e-196,0.3150229751141968,2.0,True
csi_rv_mean,0.8237588192137401,1.0038036913783834,1.3281718882287162e-132,0.14405820645904327,5.0,True
csi_amp_mean,0.7778654699876282,-0.03083324089761396,3.428264363446053e-98,0.21159844525834973,6.0,True
csi_pcv3,0.7894570688444494,-1.1923462257381834,2.17308894221063e-106,0.08024475467100149,8.0,True
csi_pcv1,0.7640527176061698,0.21544422630488924,7.386343446964965e-89,0.05327153155749429,11.0,True
csi_amp_q90,0.6881693702093008,0.08732477479739745,4.595654285647132e-46,0.09728458397770237,11.0,True
csi_pcv2,0.7531701963190908,-0.5888152575304475,7.732624935605368e-82,0.03973552668684962,14.0,True
csi_rv_q90,0.618836385022236,0.48361425725930235,2.3761937976181188e-19,0.042778004714059736,16.0,True
csi_rv_max,0.6764914723833464,-0.5638042242559694,1.0624094801735968e-40,0.016005971561302793,17.0,True
