col,auc,auc_eff,cohend
fftc_b0,0.881105905625711,0.881105905625711,-1.1302982441437872
clu_kmdist1,0.8552866946368751,0.8552866946368751,-1.3186652960003797
fftc_domf,0.1468249820887881,0.8531750179112119,1.3108620247980773
r_min1,0.17509065925130907,0.8249093407486909,1.433921756282217
j_min4,0.17509065925130907,0.8249093407486909,1.433921756282217
ra_peak,0.8209326980073868,0.8209326980073868,-1.30258038412915
j_mean4,0.18304509383029238,0.8169549061697077,1.3847766219817088
r_mean1,0.18304509383029238,0.8169549061697077,1.3847766219817088
fftc_entr,0.1832972079715117,0.8167027920284883,1.0198266357257966
rd_peak,0.8123666904787237,0.8123666904787237,-0.8970234883429398
fftc_b3,0.1877185887328253,0.8122814112671747,1.2113173637210848
j_max4,0.19632281198165674,0.8036771880183433,1.3044388911959097
r_max1,0.19632281198165674,0.8036771880183433,1.3044388911959097
fftc_b1,0.7927434220790335,0.7927434220790335,-1.025400342990245
j_max2,0.7738177708394316,0.7738177708394316,-1.1625103305971511
c_max2,0.7738177708394316,0.7738177708394316,-1.1625103305971511
re_mean,0.7571007638435023,0.7571007638435023,-0.9022402970669526
csi_amp_mean,0.24543661703026803,0.754563382969732,0.6608656470849076
csi_rv_max,0.7485265850854512,0.7485265850854512,-0.1505511714506664
j_std2,0.7433103229583374,0.7433103229583374,-0.8367956677271345
c_std2,0.7433103229583374,0.7433103229583374,-0.8367956677271345
xy_mean,0.7348658334135512,0.7348658334135512,-0.8032535388390272
j_mean2,0.7273002244121378,0.7273002244121378,-0.9234759115547451
c_mean2,0.7273002244121378,0.7273002244121378,-0.9234759115547451
xy_std90,0.7265149365771771,0.7265149365771771,-0.644950721615321
j_iqr2,0.7222594887306079,0.7222594887306079,-0.7702354095637085
c_iqr2,0.7222594887306079,0.7222594887306079,-0.7702354095637085
rd_std90,0.7199227121426293,0.7199227121426293,-0.7693775873708719
ra_mean,0.7151763443257219,0.7151763443257219,-0.7845342229921307
clu_kmmargin,0.29729526457865807,0.7027047354213419,0.8325360703160257
xy_p90,0.6918426394567474,0.6918426394567474,-0.6660981868198077
r_mean2,0.3087073535629492,0.6912926464370508,0.6895413923973248
j_mean5,0.3087073535629492,0.6912926464370508,0.6895413923973248
j_min5,0.30915943018831105,0.690840569811689,0.7145697772286813
r_min2,0.30915943018831105,0.690840569811689,0.7145697772286813
j_min2,0.6889363189904707,0.6889363189904707,-0.6345712377623046
c_min2,0.6889363189904707,0.6889363189904707,-0.6345712377623046
c_min1,0.6863291540638111,0.6863291540638111,-0.6805324069516729
j_min1,0.6863291540638111,0.6863291540638111,-0.6805324069516729
r_max2,0.33035296126451363,0.6696470387354864,0.6034684846957014
j_max5,0.33035296126451363,0.6696470387354864,0.6034684846957014
clu_kmdist0,0.3325682180375321,0.6674317819624679,0.6038908287210117
xy_peak,0.3329223220302059,0.6670776779697941,0.855429423615972
csi_amp_std,0.6667590627702775,0.6667590627702775,-0.6209485383397694
j_min0,0.3334113897290793,0.6665886102709206,0.6381194744495527
c_min0,0.3334113897290793,0.6665886102709206,0.6381194744495527
j_mean1,0.6664723387647575,0.6664723387647575,-0.6430733028785313
c_mean1,0.6664723387647575,0.6664723387647575,-0.6430733028785313
rd_mean,0.6657101734902564,0.6657101734902564,-0.6194415833753888
rd_energy,0.6657095401908679,0.6657095401908679,-0.6194422879244558
clu_gm_occ,0.6440738120792273,0.6440738120792273,-0.039971574576399556
r_std1,0.6439876248089244,0.6439876248089244,-0.414874630704976
j_std4,0.6439876248089244,0.6439876248089244,-0.414874630704976
j_mean0,0.35739096497219236,0.6426090350278076,0.5934734295708798
c_mean0,0.35739096497219236,0.6426090350278076,0.5934734295708798
c_max0,0.37064063160633554,0.6293593683936645,0.5396782882038266
j_max0,0.37064063160633554,0.6293593683936645,0.5396782882038266
r_iqr1,0.627899469866979,0.627899469866979,-0.3694853428791404
j_iqr4,0.627899469866979,0.627899469866979,-0.3694853428791404
clu_kmlabel,0.3777075812274368,0.6222924187725631,0.8047053973821882
c_max1,0.6217000845610954,0.6217000845610954,-0.42421558512397367
j_max1,0.6217000845610954,0.6217000845610954,-0.42421558512397367
snr_max,0.6146480881958061,0.6146480881958061,-0.6453691610748938
rd_p90,0.6094710767947282,0.6094710767947282,-0.48165784576533144
re_p90,0.6055720635596153,0.6055720635596153,-0.26639619122913805
rd_range_cm,0.6001989404479031,0.6001989404479031,-0.31502043176339933
ra_std90,0.59868873250616,0.59868873250616,-0.3937692311571534
j_std5,0.5879967964354246,0.5879967964354246,-0.30272330002384795
r_std2,0.5879967964354246,0.5879967964354246,-0.30272330002384795
j_std1,0.4149660942530979,0.5850339057469021,0.19423991171426144
c_std1,0.4149660942530979,0.5850339057469021,0.19423991171426144
re_std90,0.5832258835370868,0.5832258835370868,-0.16850674854264583
csi_tv,0.41959494154053084,0.5804050584594691,0.30937566267732464
snr_mean,0.5793802785504031,0.5793802785504031,-0.515992953448635
j_iqr1,0.42096952548216093,0.5790304745178391,0.1584330466474947
c_iqr1,0.42096952548216093,0.5790304745178391,0.1584330466474947
r_iqr2,0.5781438026474127,0.5781438026474127,-0.26036657834049
j_iqr5,0.5781438026474127,0.5781438026474127,-0.26036657834049
fftc_b2,0.5774362656221362,0.5774362656221362,-0.2677873387713856
r_path,0.576323706377858,0.576323706377858,-0.30926714093325625
r_disp,0.5725566721956613,0.5725566721956613,-0.2979907207674375
fft_snr_b2,0.429761851610426,0.570238148389574,0.25499108247471397
re_peak,0.4315766452695913,0.5684233547304087,-0.19177976589013623
fft_snr_b0,0.5664525087285359,0.5664525087285359,-0.36518025719381725
fft_snr_domf,0.4346272848226165,0.5653727151773835,0.17533250505666748
r_speed,0.5594415715354344,0.5594415715354344,-0.26598417818402703
j_std3,0.5584256187595538,0.5584256187595538,-0.2933709917073827
r_std0,0.5584256187595538,0.5584256187595538,-0.2933709917073827
fft_snr_entr,0.4427033012170838,0.5572966987829162,0.21331753912832743
r_speedmax,0.5570201970923994,0.5570201970923994,-0.25195425230303886
j_iqr3,0.5541833349595082,0.5541833349595082,-0.2963342499569304
r_iqr0,0.5541833349595082,0.5541833349595082,-0.2963342499569304
fft_snr_b1,0.450367446802811,0.5496325531971891,0.1725533069374349
csi_dop_frac,0.4543230016313214,0.5456769983686787,0.27384394315623073
rd_dop_cm,0.5416808103530095,0.5416808103530095,-0.02093394540574699
c_tort,0.5398303086479982,0.5398303086479982,0.11297469546977565
j_tort,0.5378175106514457,0.5378175106514457,0.03767248972106266
csi_rv_mean,0.5359655620030869,0.5359655620030869,-0.09462402700373294
csi_cov,0.5343368865255147,0.5343368865255147,-0.12561216753653298
c_revers,0.533658568315608,0.533658568315608,-0.11550233068951836
j_revers,0.533658568315608,0.533658568315608,-0.11550233068951836
csi_rv_q90,0.5322242771519583,0.5322242771519583,-0.05372495866943462
c_speedmax,0.4678554005268807,0.5321445994731193,0.1132088242012613
j_path,0.5286434448889322,0.5286434448889322,-0.1328483939655333
r_ac1,0.5280527368523759,0.5280527368523759,-0.1066583869291722
j_std0,0.4723855172862393,0.5276144827137608,0.11565009260622305
c_std0,0.4723855172862393,0.5276144827137608,0.11565009260622305
xy_delta,0.48002130419142863,0.5199786958085714,0.07247179966539088
c_iqr0,0.48059119588902977,0.5194088041109702,0.06309488983436815
j_iqr0,0.48059119588902977,0.5194088041109702,0.06309488983436815
j_max3,0.5187880118385534,0.5187880118385534,-0.3457773119618706
r_max0,0.5187880118385534,0.5187880118385534,-0.3457773119618706
csi_amp_q90,0.518239142321808,0.518239142321808,0.14299508491899474
j_speedmax,0.48216899209678993,0.51783100790321,0.04242621191587443
re_delta,0.48385719858748905,0.5161428014125109,0.06724282369849131
j_ac1,0.514880313526523,0.514880313526523,-0.05514317338081395
c_ac1,0.514880313526523,0.514880313526523,-0.05514317338081395
c_path,0.513205759911536,0.513205759911536,-0.04817828269833577
rad_cov,0.512411780011058,0.512411780011058,-0.026773523707153746
j_mean3,0.5122971346798062,0.5122971346798062,-0.26377714365586713
r_mean0,0.5122971346798062,0.5122971346798062,-0.26377714365586713
c_speed,0.4909320421504537,0.5090679578495463,0.051417282028309995
r_slope,0.4912056460792923,0.5087943539207077,0.009028268283617236
j_min3,0.5085447360718118,0.5085447360718118,-0.12360469045130092
r_min0,0.5085447360718118,0.5085447360718118,-0.12360469045130092
ra_p90,0.5078273693418922,0.5078273693418922,0.2744112456721837
rd_dca,0.4931529781114844,0.5068470218885156,0.03246839275691793
r_tort,0.4933997625784629,0.506600237421537,0.06835489611923697
c_slope,0.4935444921455752,0.5064555078544248,0.050270318610055834
j_slope,0.4935444921455752,0.5064555078544248,0.050270318610055834
r_revers,0.5055261488925749,0.5055261488925749,-0.01595413009618106
j_disp,0.5051545679253261,0.5051545679253261,-0.023836486691504503
j_speed,0.5048785247341204,0.5048785247341204,-0.0347694491396016
rd_dop_spread,0.49685545743637033,0.5031445425636296,0.24156730516231187
ra_delta,0.5026313589591598,0.5026313589591598,0.009623551724832568
c_disp,0.4983998438872085,0.5016001561127915,0.061042086123176145
rd_delta,0.49927022800466786,0.5007297719953321,-0.0008342014022207071
